id,卡号,消费额,付款方式,性别,年龄,物品
1,39808,42.7123,CHEQUE,M,46,鲜肉
1,39808,42.7123,CHEQUE,M,46,乳制品
1,39808,42.7123,CHEQUE,M,46,糖果
2,67362,25.3567,CASH,F,28,鲜肉
2,67362,25.3567,CASH,F,28,糖果
3,10872,20.6176,CASH,M,36,蔬菜罐头
3,10872,20.6176,CASH,M,36,冻肉
3,10872,20.6176,CASH,M,36,啤酒
3,10872,20.6176,CASH,M,36,鱼类
4,26748,23.6883,CARD,F,26,乳制品
4,26748,23.6883,CARD,F,26,白酒
6,26630,46.4867,CARD,F,35,鲜肉
6,26630,46.4867,CARD,F,35,白酒
6,26630,46.4867,CARD,F,35,鱼类
7,62995,14.0467,CASH,F,30,水果
7,62995,14.0467,CASH,F,30,软饮料
8,38765,22.2034,CASH,M,22,啤酒
9,28935,22.975,CHEQUE,F,46,水果
9,28935,22.975,CHEQUE,F,46,冻肉
10,41792,14.5692,CASH,M,22,水果
10,41792,14.5692,CASH,M,22,鱼类
11,59480,10.3282,CASH,F,18,水果
11,59480,10.3282,CASH,F,18,鲜肉
11,59480,10.3282,CASH,F,18,乳制品
11,59480,10.3282,CASH,F,18,蔬菜罐头
11,59480,10.3282,CASH,F,18,白酒
11,59480,10.3282,CASH,F,18,鱼类
12,60755,13.7796,CASH,F,48,水果
12,60755,13.7796,CASH,F,48,鱼类
13,70998,36.509,CARD,M,43,乳制品
13,70998,36.509,CARD,M,43,肉罐头
13,70998,36.509,CARD,M,43,冻肉
13,70998,36.509,CARD,M,43,鱼类
14,80617,10.2011,CHEQUE,F,43,软饮料
14,80617,10.2011,CHEQUE,F,43,鱼类
15,61144,10.3736,CASH,F,24,水果
15,61144,10.3736,CASH,F,24,乳制品
15,61144,10.3736,CASH,F,24,软饮料
15,61144,10.3736,CASH,F,24,鱼类
16,36405,34.8222,CHEQUE,F,19,冻肉
16,36405,34.8222,CHEQUE,F,19,啤酒
16,36405,34.8222,CHEQUE,F,19,软饮料
17,76567,42.248,CARD,M,31,水果
17,76567,42.248,CARD,M,31,蔬菜罐头
17,76567,42.248,CARD,M,31,鱼类
18,85699,18.1688,CASH,F,29,鱼类
19,11357,10.753,CASH,F,26,啤酒
19,11357,10.753,CASH,F,26,鱼类
20,97761,32.3184,CARD,F,38,水果
20,97761,32.3184,CARD,F,38,蔬菜罐头
20,97761,32.3184,CARD,F,38,白酒
20,97761,32.3184,CARD,F,38,鱼类
20,97761,32.3184,CARD,F,38,糖果
21,20362,31.72,CASH,M,38,冻肉
21,20362,31.72,CASH,M,38,鱼类
22,33173,36.8328,CASH,F,43,白酒
22,33173,36.8328,CASH,F,43,糖果
23,69934,31.1787,CHEQUE,F,41,鱼类
24,14743,21.6813,CASH,M,48,水果
24,14743,21.6813,CASH,M,48,鲜肉
24,14743,21.6813,CASH,M,48,乳制品
24,14743,21.6813,CASH,M,48,蔬菜罐头
24,14743,21.6813,CASH,M,48,肉罐头
24,14743,21.6813,CASH,M,48,冻肉
24,14743,21.6813,CASH,M,48,啤酒
24,14743,21.6813,CASH,M,48,白酒
25,83071,29.8536,CASH,M,31,啤酒
25,83071,29.8536,CASH,M,31,糖果
26,17571,15.27,CARD,F,23,水果
26,17571,15.27,CARD,F,23,乳制品
26,17571,15.27,CARD,F,23,冻肉
26,17571,15.27,CARD,F,23,啤酒
27,37917,32.2318,CHEQUE,F,32,鲜肉
27,37917,32.2318,CHEQUE,F,32,白酒
27,37917,32.2318,CHEQUE,F,32,糖果
29,47914,44.5913,CASH,F,32,鲜肉
29,47914,44.5913,CASH,F,32,白酒
29,47914,44.5913,CASH,F,32,鱼类
29,47914,44.5913,CASH,F,32,糖果
30,58154,49.1367,CHEQUE,M,50,肉罐头
31,35197,40.3398,CASH,M,38,冻肉
31,35197,40.3398,CASH,M,38,啤酒
31,35197,40.3398,CASH,M,38,白酒
31,35197,40.3398,CASH,M,38,鱼类
32,64892,38.9995,CASH,F,46,冻肉
32,64892,38.9995,CASH,F,46,白酒
33,102467,13.7623,CARD,F,48,蔬菜罐头
33,102467,13.7623,CARD,F,48,肉罐头
33,102467,13.7623,CARD,F,48,啤酒
33,102467,13.7623,CARD,F,48,白酒
34,56677,30.3099,CASH,F,42,水果
35,94105,10.3719,CARD,M,44,鲜肉
35,94105,10.3719,CARD,M,44,软饮料
37,44887,46.8983,CARD,M,41,水果
38,69720,13.7837,CARD,F,41,鲜肉
39,97267,33.0618,CHEQUE,F,19,鱼类
39,97267,33.0618,CHEQUE,F,19,糖果
40,53750,38.5113,CHEQUE,F,23,白酒
40,53750,38.5113,CHEQUE,F,23,糖果
41,109530,37.4844,CARD,M,30,鲜肉
41,109530,37.4844,CARD,M,30,啤酒
42,65493,26.7732,CASH,M,43,软饮料
43,96694,28.2755,CARD,M,28,蔬菜罐头
43,96694,28.2755,CARD,M,28,肉罐头
43,96694,28.2755,CARD,M,28,冻肉
43,96694,28.2755,CARD,M,28,啤酒
43,96694,28.2755,CARD,M,28,白酒
43,96694,28.2755,CARD,M,28,鱼类
44,46730,41.6178,CARD,F,35,水果
44,46730,41.6178,CARD,F,35,肉罐头
45,60499,11.8442,CASH,M,30,水果
45,60499,11.8442,CASH,M,30,鲜肉
46,73004,13.0578,CHEQUE,M,18,白酒
47,21787,19.5369,CASH,M,45,鱼类
48,28314,38.8062,CARD,F,37,冻肉
48,28314,38.8062,CARD,F,37,白酒
48,28314,38.8062,CARD,F,37,糖果
49,24651,32.1216,CASH,F,37,白酒
49,24651,32.1216,CASH,F,37,软饮料
49,24651,32.1216,CASH,F,37,糖果
50,29367,43.3149,CHEQUE,M,35,冻肉
51,15072,41.6457,CARD,M,34,冻肉
52,33622,39.2378,CASH,M,25,水果
52,33622,39.2378,CASH,M,25,啤酒
52,33622,39.2378,CASH,M,25,白酒
52,33622,39.2378,CASH,M,25,鱼类
53,42167,10.6201,CARD,F,35,鲜肉
53,42167,10.6201,CARD,F,35,白酒
53,42167,10.6201,CARD,F,35,软饮料
54,43550,10.5365,CASH,M,47,蔬菜罐头
54,43550,10.5365,CASH,M,47,冻肉
54,43550,10.5365,CASH,M,47,啤酒
54,43550,10.5365,CASH,M,47,软饮料
55,18724,49.1775,CASH,F,17,乳制品
55,18724,49.1775,CASH,F,17,啤酒
56,91019,48.4029,CARD,M,29,白酒
57,68193,15.7157,CARD,F,24,水果
58,35262,26.2512,CHEQUE,M,22,水果
58,35262,26.2512,CHEQUE,M,22,蔬菜罐头
58,35262,26.2512,CHEQUE,M,22,啤酒
58,35262,26.2512,CHEQUE,M,22,白酒
59,93401,45.7963,CARD,F,25,白酒
59,93401,45.7963,CARD,F,25,鱼类
59,93401,45.7963,CARD,F,25,糖果
60,15177,24.7919,CARD,F,46,糖果
61,96173,26.3483,CARD,F,31,软饮料
62,50180,35.5435,CASH,M,42,蔬菜罐头
62,50180,35.5435,CASH,M,42,肉罐头
62,50180,35.5435,CASH,M,42,软饮料
62,50180,35.5435,CASH,M,42,糖果
63,31828,30.426,CARD,M,17,乳制品
63,31828,30.426,CARD,M,17,肉罐头
63,31828,30.426,CARD,M,17,鱼类
64,62022,42.7131,CASH,F,40,白酒
64,62022,42.7131,CASH,F,40,糖果
65,105225,28.5341,CASH,M,35,水果
65,105225,28.5341,CASH,M,35,乳制品
65,105225,28.5341,CASH,M,35,糖果
66,64668,31.2009,CASH,M,49,乳制品
66,64668,31.2009,CASH,M,49,蔬菜罐头
66,64668,31.2009,CASH,M,49,肉罐头
66,64668,31.2009,CASH,M,49,冻肉
66,64668,31.2009,CASH,M,49,啤酒
66,64668,31.2009,CASH,M,49,软饮料
67,53320,46.27,CARD,M,39,肉罐头
67,53320,46.27,CARD,M,39,软饮料
67,53320,46.27,CARD,M,39,鱼类
68,15068,17.8948,CHEQUE,M,50,啤酒
69,99849,37.0252,CASH,F,17,水果
69,99849,37.0252,CASH,F,17,乳制品
70,63694,22.3043,CARD,F,29,水果
70,63694,22.3043,CARD,F,29,乳制品
70,63694,22.3043,CARD,F,29,蔬菜罐头
71,24874,35.938,CASH,F,46,水果
71,24874,35.938,CASH,F,46,鲜肉
71,24874,35.938,CASH,F,46,乳制品
71,24874,35.938,CASH,F,46,白酒
71,24874,35.938,CASH,F,46,糖果
72,104988,24.3263,CASH,M,39,肉罐头
73,84902,44.9991,CARD,M,50,冻肉
74,96512,37.8721,CARD,F,43,水果
74,96512,37.8721,CARD,F,43,啤酒
74,96512,37.8721,CARD,F,43,白酒
74,96512,37.8721,CARD,F,43,糖果
75,99575,19.2134,CARD,M,38,冻肉
75,99575,19.2134,CARD,M,38,鱼类
76,33413,37.9016,CASH,F,39,冻肉
76,33413,37.9016,CASH,F,39,白酒
76,33413,37.9016,CASH,F,39,糖果
77,57678,47.6595,CHEQUE,M,29,冻肉
78,89425,28.8615,CHEQUE,M,17,水果
78,89425,28.8615,CHEQUE,M,17,蔬菜罐头
78,89425,28.8615,CHEQUE,M,17,啤酒
78,89425,28.8615,CHEQUE,M,17,鱼类
79,60571,24.6707,CASH,F,29,冻肉
79,60571,24.6707,CASH,F,29,鱼类
80,76095,28.0024,CHEQUE,M,46,蔬菜罐头
80,76095,28.0024,CHEQUE,M,46,冻肉
80,76095,28.0024,CHEQUE,M,46,啤酒
82,88019,47.3606,CHEQUE,M,41,水果
83,30850,17.1818,CASH,F,34,水果
83,30850,17.1818,CASH,F,34,鱼类
84,66117,25.4945,CHEQUE,F,26,肉罐头
84,66117,25.4945,CHEQUE,F,26,鱼类
85,97377,28.263,CARD,F,24,啤酒
86,101722,15.7228,CHEQUE,M,31,鲜肉
86,101722,15.7228,CHEQUE,M,31,冻肉
86,101722,15.7228,CHEQUE,M,31,鱼类
88,44562,13.532,CHEQUE,F,50,冻肉
88,44562,13.532,CHEQUE,F,50,软饮料
90,85585,36.426,CARD,F,46,白酒
90,85585,36.426,CARD,F,46,软饮料
90,85585,36.426,CARD,F,46,糖果
91,97287,35.3706,CHEQUE,M,49,蔬菜罐头
91,97287,35.3706,CHEQUE,M,49,冻肉
91,97287,35.3706,CHEQUE,M,49,啤酒
91,97287,35.3706,CHEQUE,M,49,白酒
91,97287,35.3706,CHEQUE,M,49,鱼类
93,50150,39.5248,CASH,F,27,水果
93,50150,39.5248,CASH,F,27,白酒
93,50150,39.5248,CASH,F,27,软饮料
93,50150,39.5248,CASH,F,27,鱼类
94,67455,18.198,CARD,F,40,鲜肉
94,67455,18.198,CARD,F,40,啤酒
95,16350,31.8923,CARD,F,16,水果
95,16350,31.8923,CARD,F,16,鲜肉
96,42778,35.2808,CASH,M,17,乳制品
96,42778,35.2808,CASH,M,17,蔬菜罐头
96,42778,35.2808,CASH,M,17,冻肉
96,42778,35.2808,CASH,M,17,啤酒
96,42778,35.2808,CASH,M,17,软饮料
97,98181,16.351,CASH,F,24,乳制品
97,98181,16.351,CASH,F,24,软饮料
97,98181,16.351,CASH,F,24,糖果
98,106522,10.007,CHEQUE,M,22,蔬菜罐头
98,106522,10.007,CHEQUE,M,22,冻肉
98,106522,10.007,CHEQUE,M,22,啤酒
99,36278,43.0066,CASH,M,40,鲜肉
99,36278,43.0066,CASH,M,40,冻肉
99,36278,43.0066,CASH,M,40,软饮料
100,26130,12.6214,CHEQUE,F,45,蔬菜罐头
100,26130,12.6214,CHEQUE,F,45,白酒
101,57851,29.562,CASH,F,43,水果
101,57851,29.562,CASH,F,43,肉罐头
101,57851,29.562,CASH,F,43,啤酒
101,57851,29.562,CASH,F,43,糖果
102,81971,19.3672,CASH,M,17,水果
102,81971,19.3672,CASH,M,17,乳制品
102,81971,19.3672,CASH,M,17,蔬菜罐头
102,81971,19.3672,CASH,M,17,鱼类
103,57068,22.8535,CHEQUE,M,42,乳制品
104,69122,32.0161,CARD,M,34,乳制品
104,69122,32.0161,CARD,M,34,肉罐头
105,68489,22.5684,CHEQUE,F,18,冻肉
105,68489,22.5684,CHEQUE,F,18,鱼类
107,88359,23.0214,CARD,F,21,水果
107,88359,23.0214,CARD,F,21,鲜肉
107,88359,23.0214,CARD,F,21,糖果
108,44294,38.5314,CASH,M,18,乳制品
108,44294,38.5314,CASH,M,18,蔬菜罐头
108,44294,38.5314,CASH,M,18,冻肉
108,44294,38.5314,CASH,M,18,啤酒
109,95604,23.5058,CHEQUE,M,44,蔬菜罐头
109,95604,23.5058,CHEQUE,M,44,肉罐头
109,95604,23.5058,CHEQUE,M,44,冻肉
109,95604,23.5058,CHEQUE,M,44,啤酒
109,95604,23.5058,CHEQUE,M,44,白酒
109,95604,23.5058,CHEQUE,M,44,鱼类
110,103596,27.4252,CARD,F,26,肉罐头
110,103596,27.4252,CARD,F,26,软饮料
111,103473,25.0338,CHEQUE,F,26,肉罐头
111,103473,25.0338,CHEQUE,F,26,冻肉
112,94467,18.9589,CASH,M,49,蔬菜罐头
112,94467,18.9589,CASH,M,49,冻肉
112,94467,18.9589,CASH,M,49,啤酒
112,94467,18.9589,CASH,M,49,软饮料
112,94467,18.9589,CASH,M,49,鱼类
113,38097,37.1385,CASH,M,19,水果
113,38097,37.1385,CASH,M,19,蔬菜罐头
113,38097,37.1385,CASH,M,19,肉罐头
113,38097,37.1385,CASH,M,19,冻肉
113,38097,37.1385,CASH,M,19,啤酒
113,38097,37.1385,CASH,M,19,白酒
113,38097,37.1385,CASH,M,19,鱼类
114,49632,10.7717,CARD,M,21,蔬菜罐头
114,49632,10.7717,CARD,M,21,肉罐头
114,49632,10.7717,CARD,M,21,鱼类
114,49632,10.7717,CARD,M,21,糖果
115,82558,10.1074,CARD,F,22,鲜肉
115,82558,10.1074,CARD,F,22,啤酒
115,82558,10.1074,CARD,F,22,白酒
115,82558,10.1074,CARD,F,22,软饮料
116,50324,20.1004,CASH,M,16,鲜肉
116,50324,20.1004,CASH,M,16,软饮料
116,50324,20.1004,CASH,M,16,鱼类
118,38055,14.4497,CARD,F,25,水果
119,74876,18.2937,CASH,M,45,乳制品
119,74876,18.2937,CASH,M,45,啤酒
119,74876,18.2937,CASH,M,45,糖果
120,18079,24.816,CARD,M,32,乳制品
120,18079,24.816,CARD,M,32,白酒
121,16316,39.1701,CHEQUE,M,22,水果
121,16316,39.1701,CHEQUE,M,22,乳制品
121,16316,39.1701,CHEQUE,M,22,冻肉
121,16316,39.1701,CHEQUE,M,22,鱼类
122,37166,16.4835,CARD,F,23,水果
122,37166,16.4835,CARD,F,23,啤酒
122,37166,16.4835,CARD,F,23,鱼类
123,18334,42.4343,CASH,F,43,冻肉
123,18334,42.4343,CASH,F,43,白酒
123,18334,42.4343,CASH,F,43,糖果
124,102645,13.4218,CARD,F,23,蔬菜罐头
124,102645,13.4218,CARD,F,23,肉罐头
125,101100,18.9591,CARD,M,42,蔬菜罐头
125,101100,18.9591,CARD,M,42,冻肉
125,101100,18.9591,CARD,M,42,啤酒
125,101100,18.9591,CARD,M,42,白酒
126,64861,18.7711,CASH,M,49,乳制品
126,64861,18.7711,CASH,M,49,冻肉
126,64861,18.7711,CASH,M,49,啤酒
126,64861,18.7711,CASH,M,49,糖果
127,19041,14.6823,CARD,F,23,水果
127,19041,14.6823,CARD,F,23,鲜肉
127,19041,14.6823,CARD,F,23,蔬菜罐头
127,19041,14.6823,CARD,F,23,鱼类
128,85771,10.0455,CARD,F,36,肉罐头
128,85771,10.0455,CARD,F,36,白酒
128,85771,10.0455,CARD,F,36,糖果
129,79303,39.6497,CASH,M,19,水果
129,79303,39.6497,CASH,M,19,乳制品
129,79303,39.6497,CASH,M,19,鱼类
130,92675,44.5153,CHEQUE,F,47,鲜肉
131,71690,13.6361,CASH,F,18,水果
131,71690,13.6361,CASH,F,18,啤酒
131,71690,13.6361,CASH,F,18,软饮料
131,71690,13.6361,CASH,F,18,鱼类
132,86350,12.184,CARD,F,49,冻肉
132,86350,12.184,CARD,F,49,软饮料
133,88260,29.7785,CARD,F,34,乳制品
133,88260,29.7785,CARD,F,34,蔬菜罐头
134,86759,48.4566,CARD,F,34,蔬菜罐头
135,49861,38.8491,CASH,M,32,啤酒
136,21543,13.9176,CHEQUE,F,27,蔬菜罐头
136,21543,13.9176,CHEQUE,F,27,冻肉
136,21543,13.9176,CHEQUE,F,27,白酒
136,21543,13.9176,CHEQUE,F,27,软饮料
137,70481,31.7001,CHEQUE,M,30,蔬菜罐头
137,70481,31.7001,CHEQUE,M,30,啤酒
137,70481,31.7001,CHEQUE,M,30,软饮料
137,70481,31.7001,CHEQUE,M,30,鱼类
138,29944,42.8985,CASH,M,18,水果
138,29944,42.8985,CASH,M,18,冻肉
138,29944,42.8985,CASH,M,18,啤酒
138,29944,42.8985,CASH,M,18,软饮料
138,29944,42.8985,CASH,M,18,鱼类
139,46054,14.2814,CARD,M,46,鲜肉
139,46054,14.2814,CARD,M,46,蔬菜罐头
139,46054,14.2814,CARD,M,46,肉罐头
139,46054,14.2814,CARD,M,46,冻肉
139,46054,14.2814,CARD,M,46,啤酒
139,46054,14.2814,CARD,M,46,软饮料
139,46054,14.2814,CARD,M,46,糖果
140,61329,26.9282,CARD,F,49,水果
141,24566,39.4489,CARD,F,34,蔬菜罐头
141,24566,39.4489,CARD,F,34,肉罐头
141,24566,39.4489,CARD,F,34,白酒
141,24566,39.4489,CARD,F,34,鱼类
141,24566,39.4489,CARD,F,34,糖果
142,58768,18.0798,CHEQUE,F,16,白酒
142,58768,18.0798,CHEQUE,F,16,软饮料
143,71343,48.2751,CASH,M,38,蔬菜罐头
143,71343,48.2751,CASH,M,38,冻肉
143,71343,48.2751,CASH,M,38,啤酒
144,55418,20.8812,CARD,F,23,水果
145,18228,31.7275,CASH,M,41,蔬菜罐头
147,30243,30.3916,CASH,M,33,鲜肉
147,30243,30.3916,CASH,M,33,蔬菜罐头
147,30243,30.3916,CASH,M,33,肉罐头
147,30243,30.3916,CASH,M,33,冻肉
147,30243,30.3916,CASH,M,33,啤酒
147,30243,30.3916,CASH,M,33,白酒
147,30243,30.3916,CASH,M,33,糖果
148,59599,27.4881,CASH,F,28,肉罐头
148,59599,27.4881,CASH,F,28,冻肉
148,59599,27.4881,CASH,F,28,啤酒
149,61869,31.8011,CASH,M,46,水果
149,61869,31.8011,CASH,M,46,蔬菜罐头
149,61869,31.8011,CASH,M,46,冻肉
149,61869,31.8011,CASH,M,46,啤酒
149,61869,31.8011,CASH,M,46,白酒
150,10360,27.4012,CHEQUE,M,20,蔬菜罐头
150,10360,27.4012,CHEQUE,M,20,冻肉
150,10360,27.4012,CHEQUE,M,20,啤酒
150,10360,27.4012,CHEQUE,M,20,鱼类
151,83338,26.2061,CASH,M,41,肉罐头
152,39080,18.3878,CARD,F,36,蔬菜罐头
152,39080,18.3878,CARD,F,36,鱼类
153,84799,31.3192,CARD,M,21,鲜肉
153,84799,31.3192,CARD,M,21,肉罐头
154,51979,20.5285,CARD,M,16,蔬菜罐头
154,51979,20.5285,CARD,M,16,肉罐头
154,51979,20.5285,CARD,M,16,冻肉
154,51979,20.5285,CARD,M,16,啤酒
154,51979,20.5285,CARD,M,16,糖果
155,40505,43.0394,CARD,F,50,鲜肉
155,40505,43.0394,CARD,F,50,乳制品
155,40505,43.0394,CARD,F,50,白酒
155,40505,43.0394,CARD,F,50,糖果
156,37098,26.6378,CARD,F,37,水果
156,37098,26.6378,CARD,F,37,鲜肉
156,37098,26.6378,CARD,F,37,软饮料
157,29524,10.7127,CASH,F,37,蔬菜罐头
158,63452,17.8916,CASH,M,48,蔬菜罐头
158,63452,17.8916,CASH,M,48,肉罐头
158,63452,17.8916,CASH,M,48,冻肉
158,63452,17.8916,CASH,M,48,啤酒
159,20158,23.7441,CHEQUE,M,43,肉罐头
159,20158,23.7441,CHEQUE,M,43,鱼类
160,70182,11.3005,CARD,F,18,蔬菜罐头
160,70182,11.3005,CARD,F,18,冻肉
161,56034,41.2711,CASH,M,16,水果
161,56034,41.2711,CASH,M,16,鲜肉
161,56034,41.2711,CASH,M,16,蔬菜罐头
161,56034,41.2711,CASH,M,16,冻肉
161,56034,41.2711,CASH,M,16,啤酒
161,56034,41.2711,CASH,M,16,鱼类
162,44235,27.7268,CASH,F,41,乳制品
162,44235,27.7268,CASH,F,41,啤酒
162,44235,27.7268,CASH,F,41,白酒
162,44235,27.7268,CASH,F,41,糖果
163,96881,14.6112,CARD,M,39,蔬菜罐头
163,96881,14.6112,CARD,M,39,肉罐头
163,96881,14.6112,CARD,M,39,冻肉
163,96881,14.6112,CARD,M,39,啤酒
163,96881,14.6112,CARD,M,39,白酒
165,39884,31.2737,CASH,M,21,白酒
166,95141,45.3427,CARD,F,37,水果
166,95141,45.3427,CARD,F,37,白酒
166,95141,45.3427,CARD,F,37,糖果
167,28110,27.6974,CARD,M,21,冻肉
168,85259,40.9303,CARD,F,22,水果
168,85259,40.9303,CARD,F,22,冻肉
168,85259,40.9303,CARD,F,22,啤酒
169,14996,22.2591,CASH,M,17,鲜肉
169,14996,22.2591,CASH,M,17,乳制品
169,14996,22.2591,CASH,M,17,蔬菜罐头
169,14996,22.2591,CASH,M,17,冻肉
169,14996,22.2591,CASH,M,17,鱼类
169,14996,22.2591,CASH,M,17,糖果
170,55652,41.7166,CARD,M,20,水果
170,55652,41.7166,CARD,M,20,蔬菜罐头
170,55652,41.7166,CARD,M,20,冻肉
170,55652,41.7166,CARD,M,20,啤酒
170,55652,41.7166,CARD,M,20,鱼类
171,43964,29.4585,CASH,F,24,水果
171,43964,29.4585,CASH,F,24,蔬菜罐头
171,43964,29.4585,CASH,F,24,白酒
173,29310,49.8459,CASH,M,22,白酒
173,29310,49.8459,CASH,M,22,软饮料
174,21187,20.5744,CHEQUE,F,36,鲜肉
174,21187,20.5744,CHEQUE,F,36,啤酒
175,83536,31.9368,CASH,F,22,啤酒
175,83536,31.9368,CASH,F,22,软饮料
175,83536,31.9368,CASH,F,22,鱼类
176,95887,43.1964,CASH,M,27,蔬菜罐头
176,95887,43.1964,CASH,M,27,肉罐头
176,95887,43.1964,CASH,M,27,冻肉
176,95887,43.1964,CASH,M,27,啤酒
176,95887,43.1964,CASH,M,27,软饮料
177,88176,34.5366,CARD,F,31,乳制品
177,88176,34.5366,CARD,F,31,冻肉
177,88176,34.5366,CARD,F,31,白酒
177,88176,34.5366,CARD,F,31,软饮料
177,88176,34.5366,CARD,F,31,糖果
178,65418,38.6017,CASH,F,48,白酒
178,65418,38.6017,CASH,F,48,糖果
179,27766,40.0773,CARD,F,34,水果
179,27766,40.0773,CARD,F,34,啤酒
180,66191,37.5233,CASH,F,35,水果
180,66191,37.5233,CASH,F,35,乳制品
180,66191,37.5233,CASH,F,35,冻肉
180,66191,37.5233,CASH,F,35,啤酒
181,108764,44.6294,CASH,M,27,蔬菜罐头
181,108764,44.6294,CASH,M,27,冻肉
181,108764,44.6294,CASH,M,27,啤酒
181,108764,44.6294,CASH,M,27,白酒
181,108764,44.6294,CASH,M,27,鱼类
182,12782,31.3296,CHEQUE,F,31,蔬菜罐头
182,12782,31.3296,CHEQUE,F,31,啤酒
183,75118,31.7774,CHEQUE,F,49,肉罐头
184,58188,36.0631,CARD,M,19,水果
184,58188,36.0631,CARD,M,19,肉罐头
184,58188,36.0631,CARD,M,19,鱼类
185,95479,45.7417,CHEQUE,M,32,蔬菜罐头
185,95479,45.7417,CHEQUE,M,32,肉罐头
185,95479,45.7417,CHEQUE,M,32,白酒
185,95479,45.7417,CHEQUE,M,32,糖果
186,59439,20.7784,CASH,M,24,水果
186,59439,20.7784,CASH,M,24,啤酒
187,104903,34.4437,CASH,F,30,水果
187,104903,34.4437,CASH,F,30,白酒
187,104903,34.4437,CASH,F,30,糖果
188,44825,36.9448,CARD,F,50,鲜肉
188,44825,36.9448,CARD,F,50,鱼类
188,44825,36.9448,CARD,F,50,糖果
189,71887,30.067,CASH,M,46,鲜肉
189,71887,30.067,CASH,M,46,蔬菜罐头
189,71887,30.067,CASH,M,46,冻肉
189,71887,30.067,CASH,M,46,啤酒
189,71887,30.067,CASH,M,46,白酒
189,71887,30.067,CASH,M,46,鱼类
189,71887,30.067,CASH,M,46,糖果
190,18708,30.7868,CASH,F,35,蔬菜罐头
190,18708,30.7868,CASH,F,35,肉罐头
190,18708,30.7868,CASH,F,35,冻肉
190,18708,30.7868,CASH,F,35,啤酒
190,18708,30.7868,CASH,F,35,鱼类
191,74423,22.3177,CASH,F,18,啤酒
192,97967,11.5144,CASH,F,48,软饮料
192,97967,11.5144,CASH,F,48,鱼类
193,20386,39.8296,CHEQUE,F,32,乳制品
194,77218,38.2717,CARD,M,34,水果
194,77218,38.2717,CARD,M,34,蔬菜罐头
194,77218,38.2717,CARD,M,34,冻肉
194,77218,38.2717,CARD,M,34,啤酒
194,77218,38.2717,CARD,M,34,白酒
194,77218,38.2717,CARD,M,34,鱼类
196,84092,34.8497,CARD,F,48,水果
196,84092,34.8497,CARD,F,48,乳制品
196,84092,34.8497,CARD,F,48,冻肉
196,84092,34.8497,CARD,F,48,白酒
196,84092,34.8497,CARD,F,48,软饮料
196,84092,34.8497,CARD,F,48,鱼类
196,84092,34.8497,CARD,F,48,糖果
197,58914,28.9163,CARD,F,50,冻肉
198,16287,42.5534,CASH,F,16,水果
198,16287,42.5534,CASH,F,16,白酒
198,16287,42.5534,CASH,F,16,软饮料
198,16287,42.5534,CASH,F,16,糖果
199,86044,30.5434,CARD,M,30,蔬菜罐头
199,86044,30.5434,CARD,M,30,冻肉
199,86044,30.5434,CARD,M,30,啤酒
199,86044,30.5434,CARD,M,30,白酒
199,86044,30.5434,CARD,M,30,软饮料
200,36927,20.1812,CHEQUE,M,35,蔬菜罐头
200,36927,20.1812,CHEQUE,M,35,冻肉
200,36927,20.1812,CHEQUE,M,35,啤酒
200,36927,20.1812,CHEQUE,M,35,糖果
201,93304,42.4567,CARD,M,34,冻肉
201,93304,42.4567,CARD,M,34,糖果
202,66988,17.9591,CARD,M,43,蔬菜罐头
202,66988,17.9591,CARD,M,43,冻肉
202,66988,17.9591,CARD,M,43,啤酒
202,66988,17.9591,CARD,M,43,鱼类
203,55091,40.2274,CASH,M,19,肉罐头
203,55091,40.2274,CASH,M,19,啤酒
204,64215,17.0993,CASH,M,42,水果
204,64215,17.0993,CASH,M,42,蔬菜罐头
204,64215,17.0993,CASH,M,42,肉罐头
204,64215,17.0993,CASH,M,42,冻肉
204,64215,17.0993,CASH,M,42,啤酒
205,28629,44.8107,CASH,M,31,啤酒
205,28629,44.8107,CASH,M,31,糖果
206,98383,33.8642,CASH,M,32,蔬菜罐头
206,98383,33.8642,CASH,M,32,肉罐头
206,98383,33.8642,CASH,M,32,冻肉
206,98383,33.8642,CASH,M,32,糖果
207,107505,21.3633,CASH,F,32,糖果
208,99578,15.7681,CARD,M,27,肉罐头
208,99578,15.7681,CARD,M,27,软饮料
208,99578,15.7681,CARD,M,27,糖果
209,28979,35.8494,CHEQUE,F,21,蔬菜罐头
209,28979,35.8494,CHEQUE,F,21,白酒
209,28979,35.8494,CHEQUE,F,21,糖果
210,102733,28.5154,CASH,F,24,水果
210,102733,28.5154,CASH,F,24,鱼类
210,102733,28.5154,CASH,F,24,糖果
211,81690,37.3617,CARD,F,36,白酒
211,81690,37.3617,CARD,F,36,糖果
212,25405,36.4166,CARD,M,36,肉罐头
212,25405,36.4166,CARD,M,36,鱼类
213,85348,40.2677,CHEQUE,F,24,肉罐头
214,19915,40.0868,CASH,F,21,水果
214,19915,40.0868,CASH,F,21,肉罐头
214,19915,40.0868,CASH,F,21,鱼类
215,99387,10.6184,CASH,F,49,鲜肉
215,99387,10.6184,CASH,F,49,肉罐头
215,99387,10.6184,CASH,F,49,糖果
216,32380,11.1224,CARD,F,20,水果
216,32380,11.1224,CARD,F,20,蔬菜罐头
216,32380,11.1224,CARD,F,20,白酒
217,39914,36.7285,CARD,F,26,水果
217,39914,36.7285,CARD,F,26,乳制品
218,57952,35.1487,CHEQUE,F,48,蔬菜罐头
218,57952,35.1487,CHEQUE,F,48,白酒
218,57952,35.1487,CHEQUE,F,48,糖果
219,64239,27.5083,CARD,M,22,蔬菜罐头
219,64239,27.5083,CARD,M,22,冻肉
219,64239,27.5083,CARD,M,22,啤酒
219,64239,27.5083,CARD,M,22,白酒
219,64239,27.5083,CARD,M,22,软饮料
220,38014,23.331,CHEQUE,F,42,鲜肉
220,38014,23.331,CHEQUE,F,42,蔬菜罐头
220,38014,23.331,CHEQUE,F,42,肉罐头
220,38014,23.331,CHEQUE,F,42,冻肉
220,38014,23.331,CHEQUE,F,42,软饮料
221,21875,10.7267,CASH,F,17,水果
221,21875,10.7267,CASH,F,17,白酒
221,21875,10.7267,CASH,F,17,鱼类
222,37939,49.7316,CARD,M,18,水果
222,37939,49.7316,CARD,M,18,鲜肉
222,37939,49.7316,CARD,M,18,肉罐头
222,37939,49.7316,CARD,M,18,软饮料
223,109061,37.3485,CASH,F,50,鲜肉
223,109061,37.3485,CASH,F,50,白酒
223,109061,37.3485,CASH,F,50,糖果
224,100754,11.3294,CHEQUE,F,16,水果
224,100754,11.3294,CHEQUE,F,16,蔬菜罐头
224,100754,11.3294,CHEQUE,F,16,冻肉
224,100754,11.3294,CHEQUE,F,16,鱼类
225,28313,34.8889,CASH,F,48,水果
225,28313,34.8889,CASH,F,48,白酒
225,28313,34.8889,CASH,F,48,糖果
226,82753,37.5762,CHEQUE,F,42,水果
226,82753,37.5762,CHEQUE,F,42,鲜肉
226,82753,37.5762,CHEQUE,F,42,乳制品
226,82753,37.5762,CHEQUE,F,42,白酒
226,82753,37.5762,CHEQUE,F,42,糖果
227,105412,18.3099,CASH,M,29,啤酒
229,89233,37.6838,CARD,F,17,鲜肉
230,76777,43.748,CARD,F,28,白酒
230,76777,43.748,CARD,F,28,糖果
231,16220,34.7872,CHEQUE,M,33,蔬菜罐头
231,16220,34.7872,CHEQUE,M,33,冻肉
231,16220,34.7872,CHEQUE,M,33,啤酒
231,16220,34.7872,CHEQUE,M,33,软饮料
231,16220,34.7872,CHEQUE,M,33,糖果
232,17864,35.6562,CHEQUE,F,18,水果
232,17864,35.6562,CHEQUE,F,18,乳制品
232,17864,35.6562,CHEQUE,F,18,白酒
232,17864,35.6562,CHEQUE,F,18,鱼类
232,17864,35.6562,CHEQUE,F,18,糖果
233,87270,31.4868,CHEQUE,M,29,乳制品
233,87270,31.4868,CHEQUE,M,29,蔬菜罐头
233,87270,31.4868,CHEQUE,M,29,肉罐头
233,87270,31.4868,CHEQUE,M,29,白酒
234,34593,35.8231,CARD,M,50,乳制品
234,34593,35.8231,CARD,M,50,肉罐头
234,34593,35.8231,CARD,M,50,冻肉
234,34593,35.8231,CARD,M,50,白酒
235,67697,12.9477,CARD,M,44,乳制品
235,67697,12.9477,CARD,M,44,冻肉
237,15663,45.1901,CARD,F,45,啤酒
238,108601,14.1216,CASH,M,49,白酒
238,108601,14.1216,CASH,M,49,鱼类
239,55951,15.6793,CARD,M,39,白酒
239,55951,15.6793,CARD,M,39,糖果
240,39817,13.2005,CASH,F,49,啤酒
241,19613,46.1507,CARD,F,45,肉罐头
242,71600,47.3234,CHEQUE,M,33,水果
242,71600,47.3234,CHEQUE,M,33,蔬菜罐头
242,71600,47.3234,CHEQUE,M,33,肉罐头
242,71600,47.3234,CHEQUE,M,33,冻肉
242,71600,47.3234,CHEQUE,M,33,啤酒
242,71600,47.3234,CHEQUE,M,33,白酒
242,71600,47.3234,CHEQUE,M,33,鱼类
244,90861,38.2559,CASH,F,29,水果
244,90861,38.2559,CASH,F,29,鲜肉
244,90861,38.2559,CASH,F,29,糖果
245,68501,15.3726,CHEQUE,F,31,水果
245,68501,15.3726,CHEQUE,F,31,鲜肉
245,68501,15.3726,CHEQUE,F,31,软饮料
245,68501,15.3726,CHEQUE,F,31,鱼类
246,30132,23.9357,CASH,M,23,水果
246,30132,23.9357,CASH,M,23,乳制品
246,30132,23.9357,CASH,M,23,蔬菜罐头
246,30132,23.9357,CASH,M,23,冻肉
246,30132,23.9357,CASH,M,23,啤酒
246,30132,23.9357,CASH,M,23,鱼类
247,78639,32.0691,CASH,M,48,鱼类
248,46419,45.3239,CARD,F,27,糖果
249,50633,23.0638,CHEQUE,M,46,糖果
250,11553,15.1133,CASH,M,27,糖果
251,65853,20.6815,CASH,M,33,水果
251,65853,20.6815,CASH,M,33,乳制品
252,47547,42.8159,CASH,F,46,软饮料
253,38360,35.0157,CASH,F,27,蔬菜罐头
254,107728,16.9603,CHEQUE,F,49,鲜肉
254,107728,16.9603,CHEQUE,F,49,冻肉
254,107728,16.9603,CHEQUE,F,49,啤酒
254,107728,16.9603,CHEQUE,F,49,白酒
255,30390,26.6278,CASH,M,25,软饮料
256,75815,19.1927,CARD,F,40,冻肉
256,75815,19.1927,CARD,F,40,白酒
256,75815,19.1927,CARD,F,40,糖果
257,106288,10.0926,CHEQUE,F,23,蔬菜罐头
257,106288,10.0926,CHEQUE,F,23,糖果
258,88596,34.1082,CASH,F,38,乳制品
258,88596,34.1082,CASH,F,38,白酒
258,88596,34.1082,CASH,F,38,软饮料
258,88596,34.1082,CASH,F,38,糖果
259,93469,32.7656,CHEQUE,M,16,水果
259,93469,32.7656,CHEQUE,M,16,乳制品
259,93469,32.7656,CHEQUE,M,16,蔬菜罐头
259,93469,32.7656,CHEQUE,M,16,肉罐头
259,93469,32.7656,CHEQUE,M,16,冻肉
259,93469,32.7656,CHEQUE,M,16,软饮料
259,93469,32.7656,CHEQUE,M,16,鱼类
261,12584,46.6323,CARD,F,29,水果
261,12584,46.6323,CARD,F,29,啤酒
261,12584,46.6323,CARD,F,29,白酒
261,12584,46.6323,CARD,F,29,糖果
262,107080,29.4064,CARD,F,43,蔬菜罐头
263,73651,14.1309,CASH,M,22,水果
263,73651,14.1309,CASH,M,22,鲜肉
264,54180,43.0372,CASH,M,32,鲜肉
264,54180,43.0372,CASH,M,32,蔬菜罐头
264,54180,43.0372,CASH,M,32,冻肉
264,54180,43.0372,CASH,M,32,啤酒
265,45102,32.5518,CASH,M,16,水果
265,45102,32.5518,CASH,M,16,冻肉
265,45102,32.5518,CASH,M,16,鱼类
266,85475,37.0037,CARD,M,47,水果
266,85475,37.0037,CARD,M,47,白酒
267,78363,49.4132,CARD,M,18,水果
267,78363,49.4132,CARD,M,18,蔬菜罐头
267,78363,49.4132,CARD,M,18,冻肉
267,78363,49.4132,CARD,M,18,啤酒
267,78363,49.4132,CARD,M,18,白酒
268,23718,37.8611,CHEQUE,M,37,蔬菜罐头
268,23718,37.8611,CHEQUE,M,37,冻肉
268,23718,37.8611,CHEQUE,M,37,白酒
268,23718,37.8611,CHEQUE,M,37,鱼类
269,54152,20.595,CARD,M,38,冻肉
269,54152,20.595,CARD,M,38,啤酒
269,54152,20.595,CARD,M,38,白酒
270,93963,49.1922,CARD,M,21,鲜肉
271,35561,34.4236,CASH,M,24,冻肉
271,35561,34.4236,CASH,M,24,糖果
272,30371,30.8872,CARD,F,24,水果
273,93669,27.7032,CHEQUE,F,37,蔬菜罐头
273,93669,27.7032,CHEQUE,F,37,白酒
273,93669,27.7032,CHEQUE,F,37,糖果
274,70858,20.9462,CASH,M,46,水果
274,70858,20.9462,CASH,M,46,鲜肉
274,70858,20.9462,CASH,M,46,蔬菜罐头
274,70858,20.9462,CASH,M,46,鱼类
274,70858,20.9462,CASH,M,46,糖果
275,103147,43.8622,CARD,M,28,蔬菜罐头
276,80198,34.267,CARD,F,47,啤酒
276,80198,34.267,CARD,F,47,白酒
276,80198,34.267,CARD,F,47,糖果
277,42459,32.6446,CARD,F,47,肉罐头
277,42459,32.6446,CARD,F,47,冻肉
277,42459,32.6446,CARD,F,47,白酒
277,42459,32.6446,CARD,F,47,软饮料
277,42459,32.6446,CARD,F,47,糖果
279,43800,44.2831,CARD,F,36,蔬菜罐头
279,43800,44.2831,CARD,F,36,啤酒
279,43800,44.2831,CARD,F,36,白酒
279,43800,44.2831,CARD,F,36,糖果
281,29640,28.5955,CASH,F,27,蔬菜罐头
281,29640,28.5955,CASH,F,27,肉罐头
281,29640,28.5955,CASH,F,27,冻肉
281,29640,28.5955,CASH,F,27,白酒
282,109000,14.9647,CASH,F,22,蔬菜罐头
282,109000,14.9647,CASH,F,22,肉罐头
282,109000,14.9647,CASH,F,22,白酒
282,109000,14.9647,CASH,F,22,软饮料
283,108739,10.9737,CASH,M,29,水果
283,108739,10.9737,CASH,M,29,白酒
283,108739,10.9737,CASH,M,29,软饮料
283,108739,10.9737,CASH,M,29,糖果
284,104165,32.2963,CARD,M,43,白酒
285,73630,10.4506,CARD,F,25,蔬菜罐头
285,73630,10.4506,CARD,F,25,肉罐头
285,73630,10.4506,CARD,F,25,白酒
286,25765,35.6814,CHEQUE,F,25,白酒
286,25765,35.6814,CHEQUE,F,25,糖果
287,84903,32.8053,CARD,F,17,水果
287,84903,32.8053,CARD,F,17,冻肉
287,84903,32.8053,CARD,F,17,软饮料
287,84903,32.8053,CARD,F,17,鱼类
288,99347,34.6651,CARD,F,44,鲜肉
288,99347,34.6651,CARD,F,44,乳制品
288,99347,34.6651,CARD,F,44,蔬菜罐头
288,99347,34.6651,CARD,F,44,白酒
288,99347,34.6651,CARD,F,44,糖果
289,41157,20.2332,CASH,F,40,水果
289,41157,20.2332,CASH,F,40,乳制品
289,41157,20.2332,CASH,F,40,肉罐头
289,41157,20.2332,CASH,F,40,冻肉
289,41157,20.2332,CASH,F,40,软饮料
290,20325,15.356,CARD,M,24,鲜肉
290,20325,15.356,CARD,M,24,乳制品
290,20325,15.356,CARD,M,24,冻肉
290,20325,15.356,CARD,M,24,白酒
291,71462,40.9979,CARD,F,42,鲜肉
291,71462,40.9979,CARD,F,42,白酒
291,71462,40.9979,CARD,F,42,糖果
292,91928,12.3639,CARD,F,19,水果
292,91928,12.3639,CARD,F,19,肉罐头
292,91928,12.3639,CARD,F,19,白酒
292,91928,12.3639,CARD,F,19,软饮料
292,91928,12.3639,CARD,F,19,鱼类
292,91928,12.3639,CARD,F,19,糖果
293,80306,31.9965,CASH,F,27,乳制品
293,80306,31.9965,CASH,F,27,肉罐头
293,80306,31.9965,CASH,F,27,冻肉
293,80306,31.9965,CASH,F,27,啤酒
293,80306,31.9965,CASH,F,27,白酒
294,78113,14.3918,CASH,F,22,水果
294,78113,14.3918,CASH,F,22,蔬菜罐头
294,78113,14.3918,CASH,F,22,白酒
295,95488,11.9753,CARD,F,26,水果
295,95488,11.9753,CARD,F,26,乳制品
296,27720,37.4582,CARD,F,16,冻肉
296,27720,37.4582,CARD,F,16,鱼类
297,76264,15.99,CHEQUE,M,16,水果
297,76264,15.99,CHEQUE,M,16,鲜肉
297,76264,15.99,CHEQUE,M,16,鱼类
298,38477,13.8168,CASH,M,38,鲜肉
298,38477,13.8168,CASH,M,38,糖果
299,43557,24.5056,CASH,F,25,水果
300,10609,14.2389,CHEQUE,F,41,水果
300,10609,14.2389,CHEQUE,F,41,鱼类
301,73259,16.8793,CARD,F,42,水果
301,73259,16.8793,CARD,F,42,肉罐头
302,18920,45.3683,CASH,M,49,蔬菜罐头
302,18920,45.3683,CASH,M,49,白酒
302,18920,45.3683,CASH,M,49,软饮料
304,14912,39.1559,CHEQUE,M,28,蔬菜罐头
304,14912,39.1559,CHEQUE,M,28,冻肉
304,14912,39.1559,CHEQUE,M,28,啤酒
304,14912,39.1559,CHEQUE,M,28,白酒
305,80438,15.8347,CARD,M,38,白酒
305,80438,15.8347,CARD,M,38,糖果
306,81034,20.9511,CHEQUE,M,28,鲜肉
306,81034,20.9511,CHEQUE,M,28,蔬菜罐头
306,81034,20.9511,CHEQUE,M,28,肉罐头
306,81034,20.9511,CHEQUE,M,28,冻肉
306,81034,20.9511,CHEQUE,M,28,啤酒
307,89250,43.6042,CASH,F,29,鲜肉
307,89250,43.6042,CASH,F,29,肉罐头
307,89250,43.6042,CASH,F,29,白酒
307,89250,43.6042,CASH,F,29,糖果
308,96982,15.4964,CARD,M,49,水果
308,96982,15.4964,CARD,M,49,蔬菜罐头
308,96982,15.4964,CARD,M,49,冻肉
308,96982,15.4964,CARD,M,49,啤酒
309,89872,15.6822,CARD,F,40,啤酒
310,71140,22.0941,CARD,M,42,啤酒
311,83650,33.5584,CASH,F,22,鱼类
312,14891,18.391,CASH,F,26,蔬菜罐头
315,68438,23.4241,CASH,F,46,水果
315,68438,23.4241,CASH,F,46,糖果
317,66267,15.686,CASH,F,21,水果
317,66267,15.686,CASH,F,21,鲜肉
317,66267,15.686,CASH,F,21,乳制品
317,66267,15.686,CASH,F,21,啤酒
317,66267,15.686,CASH,F,21,白酒
317,66267,15.686,CASH,F,21,鱼类
317,66267,15.686,CASH,F,21,糖果
318,87975,27.82,CARD,F,26,乳制品
318,87975,27.82,CARD,F,26,鱼类
319,39970,46.7406,CHEQUE,M,22,蔬菜罐头
319,39970,46.7406,CHEQUE,M,22,冻肉
319,39970,46.7406,CHEQUE,M,22,啤酒
320,104111,27.4529,CARD,F,20,乳制品
320,104111,27.4529,CARD,F,20,鱼类
320,104111,27.4529,CARD,F,20,糖果
321,92209,30.904,CHEQUE,F,17,鲜肉
321,92209,30.904,CHEQUE,F,17,乳制品
321,92209,30.904,CHEQUE,F,17,肉罐头
322,66711,41.407,CASH,F,48,乳制品
323,102215,13.1647,CASH,M,47,蔬菜罐头
323,102215,13.1647,CASH,M,47,冻肉
323,102215,13.1647,CASH,M,47,啤酒
324,34750,21.9036,CARD,F,48,水果
324,34750,21.9036,CARD,F,48,蔬菜罐头
324,34750,21.9036,CARD,F,48,肉罐头
324,34750,21.9036,CARD,F,48,啤酒
325,62060,40.7025,CARD,M,42,蔬菜罐头
325,62060,40.7025,CARD,M,42,冻肉
325,62060,40.7025,CARD,M,42,啤酒
326,25524,45.9486,CARD,M,36,蔬菜罐头
326,25524,45.9486,CARD,M,36,肉罐头
326,25524,45.9486,CARD,M,36,冻肉
328,47341,31.9765,CARD,M,16,水果
328,47341,31.9765,CARD,M,16,冻肉
328,47341,31.9765,CARD,M,16,鱼类
328,47341,31.9765,CARD,M,16,糖果
329,67799,16.9724,CARD,F,16,水果
329,67799,16.9724,CARD,F,16,冻肉
329,67799,16.9724,CARD,F,16,鱼类
329,67799,16.9724,CARD,F,16,糖果
330,47136,22.032,CASH,F,43,鱼类
331,17375,12.7641,CHEQUE,M,22,肉罐头
332,40789,11.186,CASH,F,16,水果
332,40789,11.186,CASH,F,16,乳制品
332,40789,11.186,CASH,F,16,鱼类
332,40789,11.186,CASH,F,16,糖果
333,27673,37.5651,CASH,F,36,乳制品
333,27673,37.5651,CASH,F,36,冻肉
333,27673,37.5651,CASH,F,36,啤酒
333,27673,37.5651,CASH,F,36,白酒
333,27673,37.5651,CASH,F,36,糖果
334,45375,39.4947,CARD,M,50,肉罐头
334,45375,39.4947,CARD,M,50,冻肉
335,58341,32.8363,CASH,F,38,蔬菜罐头
335,58341,32.8363,CASH,F,38,肉罐头
336,37523,27.6713,CARD,F,16,水果
336,37523,27.6713,CARD,F,16,鲜肉
336,37523,27.6713,CARD,F,16,乳制品
336,37523,27.6713,CARD,F,16,蔬菜罐头
336,37523,27.6713,CARD,F,16,白酒
336,37523,27.6713,CARD,F,16,软饮料
336,37523,27.6713,CARD,F,16,鱼类
337,84042,18.1849,CASH,M,27,鲜肉
337,84042,18.1849,CASH,M,27,蔬菜罐头
337,84042,18.1849,CASH,M,27,肉罐头
337,84042,18.1849,CASH,M,27,冻肉
337,84042,18.1849,CASH,M,27,啤酒
338,64561,23.6794,CASH,F,33,肉罐头
338,64561,23.6794,CASH,F,33,软饮料
340,43044,29.8836,CASH,M,32,水果
340,43044,29.8836,CASH,M,32,鲜肉
340,43044,29.8836,CASH,M,32,软饮料
341,32369,21.9204,CHEQUE,M,21,蔬菜罐头
341,32369,21.9204,CHEQUE,M,21,糖果
342,31552,36.2776,CARD,M,17,水果
342,31552,36.2776,CARD,M,17,乳制品
342,31552,36.2776,CARD,M,17,糖果
343,41805,48.5787,CASH,M,25,蔬菜罐头
343,41805,48.5787,CASH,M,25,冻肉
343,41805,48.5787,CASH,M,25,啤酒
343,41805,48.5787,CASH,M,25,鱼类
343,41805,48.5787,CASH,M,25,糖果
344,46686,29.5925,CHEQUE,F,34,乳制品
345,95896,37.2821,CARD,M,21,白酒
346,63829,29.8575,CARD,F,45,啤酒
346,63829,29.8575,CARD,F,45,糖果
347,84180,10.4233,CHEQUE,M,47,蔬菜罐头
347,84180,10.4233,CHEQUE,M,47,冻肉
347,84180,10.4233,CHEQUE,M,47,啤酒
348,91972,49.1579,CARD,F,18,水果
348,91972,49.1579,CARD,F,18,冻肉
348,91972,49.1579,CARD,F,18,白酒
348,91972,49.1579,CARD,F,18,鱼类
348,91972,49.1579,CARD,F,18,糖果
350,44452,12.6097,CARD,F,30,水果
350,44452,12.6097,CARD,F,30,肉罐头
350,44452,12.6097,CARD,F,30,啤酒
351,87151,44.1181,CHEQUE,F,30,乳制品
351,87151,44.1181,CHEQUE,F,30,肉罐头
351,87151,44.1181,CHEQUE,F,30,冻肉
351,87151,44.1181,CHEQUE,F,30,白酒
351,87151,44.1181,CHEQUE,F,30,鱼类
351,87151,44.1181,CHEQUE,F,30,糖果
352,23501,10.225,CASH,M,49,白酒
352,23501,10.225,CASH,M,49,软饮料
352,23501,10.225,CASH,M,49,鱼类
352,23501,10.225,CASH,M,49,糖果
354,96584,17.3355,CASH,M,39,水果
354,96584,17.3355,CASH,M,39,软饮料
355,15306,22.3248,CASH,M,41,蔬菜罐头
355,15306,22.3248,CASH,M,41,肉罐头
355,15306,22.3248,CASH,M,41,冻肉
355,15306,22.3248,CASH,M,41,啤酒
356,93920,22.5392,CARD,M,18,鲜肉
356,93920,22.5392,CARD,M,18,蔬菜罐头
356,93920,22.5392,CARD,M,18,冻肉
356,93920,22.5392,CARD,M,18,啤酒
356,93920,22.5392,CARD,M,18,白酒
357,103316,29.3125,CASH,M,46,鲜肉
357,103316,29.3125,CASH,M,46,糖果
358,17110,12.7214,CASH,M,45,蔬菜罐头
358,17110,12.7214,CASH,M,45,肉罐头
358,17110,12.7214,CASH,M,45,冻肉
358,17110,12.7214,CASH,M,45,啤酒
359,71652,34.0689,CARD,M,29,乳制品
359,71652,34.0689,CARD,M,29,蔬菜罐头
359,71652,34.0689,CARD,M,29,冻肉
359,71652,34.0689,CARD,M,29,啤酒
361,88886,18.932,CARD,M,25,蔬菜罐头
362,29224,40.9484,CARD,F,16,水果
362,29224,40.9484,CARD,F,16,肉罐头
362,29224,40.9484,CARD,F,16,啤酒
362,29224,40.9484,CARD,F,16,白酒
362,29224,40.9484,CARD,F,16,鱼类
362,29224,40.9484,CARD,F,16,糖果
364,43111,43.4371,CASH,F,27,乳制品
364,43111,43.4371,CASH,F,27,蔬菜罐头
364,43111,43.4371,CASH,F,27,软饮料
365,18126,34.7134,CARD,F,19,水果
365,18126,34.7134,CARD,F,19,蔬菜罐头
365,18126,34.7134,CARD,F,19,白酒
365,18126,34.7134,CARD,F,19,软饮料
365,18126,34.7134,CARD,F,19,鱼类
366,87101,23.0974,CHEQUE,M,23,水果
366,87101,23.0974,CHEQUE,M,23,肉罐头
366,87101,23.0974,CHEQUE,M,23,冻肉
366,87101,23.0974,CHEQUE,M,23,鱼类
366,87101,23.0974,CHEQUE,M,23,糖果
367,102934,37.7352,CHEQUE,F,45,水果
367,102934,37.7352,CHEQUE,F,45,白酒
367,102934,37.7352,CHEQUE,F,45,糖果
368,100328,30.4099,CHEQUE,M,36,鲜肉
368,100328,30.4099,CHEQUE,M,36,蔬菜罐头
368,100328,30.4099,CHEQUE,M,36,冻肉
368,100328,30.4099,CHEQUE,M,36,啤酒
368,100328,30.4099,CHEQUE,M,36,鱼类
369,94108,21.3634,CASH,M,42,乳制品
369,94108,21.3634,CASH,M,42,白酒
369,94108,21.3634,CASH,M,42,软饮料
370,47913,49.0675,CHEQUE,F,25,乳制品
370,47913,49.0675,CHEQUE,F,25,白酒
370,47913,49.0675,CHEQUE,F,25,糖果
371,17809,39.6015,CARD,M,20,糖果
372,45019,47.2341,CARD,M,48,鲜肉
373,55552,41.6462,CARD,M,50,水果
373,55552,41.6462,CARD,M,50,鱼类
374,92883,18.8207,CARD,F,27,水果
375,89649,26.9621,CHEQUE,F,24,水果
375,89649,26.9621,CHEQUE,F,24,鱼类
375,89649,26.9621,CHEQUE,F,24,糖果
376,38063,36.0742,CASH,F,16,水果
376,38063,36.0742,CASH,F,16,白酒
376,38063,36.0742,CASH,F,16,鱼类
376,38063,36.0742,CASH,F,16,糖果
377,11230,46.279,CASH,M,42,乳制品
377,11230,46.279,CASH,M,42,鱼类
377,11230,46.279,CASH,M,42,糖果
378,89302,20.4889,CARD,F,39,鱼类
379,35707,16.5348,CASH,M,42,软饮料
379,35707,16.5348,CASH,M,42,鱼类
380,90264,10.4971,CARD,M,18,水果
380,90264,10.4971,CARD,M,18,鱼类
381,79875,10.0844,CHEQUE,F,39,鲜肉
382,74463,16.7073,CARD,F,36,蔬菜罐头
382,74463,16.7073,CARD,F,36,冻肉
382,74463,16.7073,CARD,F,36,软饮料
383,56258,21.5804,CARD,F,48,水果
383,56258,21.5804,CARD,F,48,白酒
383,56258,21.5804,CARD,F,48,软饮料
384,81836,32.9521,CHEQUE,M,48,冻肉
384,81836,32.9521,CHEQUE,M,48,软饮料
384,81836,32.9521,CHEQUE,M,48,鱼类
385,95026,13.4226,CASH,F,29,乳制品
385,95026,13.4226,CASH,F,29,鱼类
385,95026,13.4226,CASH,F,29,糖果
386,87482,40.101,CARD,F,38,水果
386,87482,40.101,CARD,F,38,肉罐头
386,87482,40.101,CARD,F,38,冻肉
386,87482,40.101,CARD,F,38,白酒
387,20556,20.4104,CARD,M,18,水果
387,20556,20.4104,CARD,M,18,啤酒
387,20556,20.4104,CARD,M,18,鱼类
388,68058,49.8863,CASH,F,22,水果
388,68058,49.8863,CASH,F,22,乳制品
388,68058,49.8863,CASH,F,22,白酒
388,68058,49.8863,CASH,F,22,鱼类
388,68058,49.8863,CASH,F,22,糖果
389,23845,12.4227,CARD,F,47,乳制品
389,23845,12.4227,CARD,F,47,啤酒
390,39952,35.3369,CARD,M,37,蔬菜罐头
390,39952,35.3369,CARD,M,37,冻肉
390,39952,35.3369,CARD,M,37,啤酒
390,39952,35.3369,CARD,M,37,软饮料
391,33172,31.065,CARD,M,48,鲜肉
391,33172,31.065,CARD,M,48,糖果
392,71254,17.1837,CHEQUE,F,45,鲜肉
392,71254,17.1837,CHEQUE,F,45,冻肉
393,36190,28.4132,CHEQUE,M,18,蔬菜罐头
393,36190,28.4132,CHEQUE,M,18,冻肉
393,36190,28.4132,CHEQUE,M,18,啤酒
393,36190,28.4132,CHEQUE,M,18,软饮料
394,15099,11.2731,CARD,M,16,水果
394,15099,11.2731,CARD,M,16,蔬菜罐头
394,15099,11.2731,CARD,M,16,冻肉
394,15099,11.2731,CARD,M,16,啤酒
394,15099,11.2731,CARD,M,16,鱼类
395,100256,11.9099,CHEQUE,M,33,蔬菜罐头
395,100256,11.9099,CHEQUE,M,33,冻肉
395,100256,11.9099,CHEQUE,M,33,啤酒
395,100256,11.9099,CHEQUE,M,33,白酒
396,51384,14.8697,CASH,F,47,鱼类
398,84756,29.1981,CARD,M,32,鱼类
398,84756,29.1981,CARD,M,32,糖果
399,28755,43.9948,CHEQUE,F,25,鱼类
399,28755,43.9948,CHEQUE,F,25,糖果
400,73480,13.9759,CHEQUE,M,41,蔬菜罐头
400,73480,13.9759,CHEQUE,M,41,冻肉
400,73480,13.9759,CHEQUE,M,41,啤酒
400,73480,13.9759,CHEQUE,M,41,糖果
401,86217,19.5378,CARD,M,43,蔬菜罐头
401,86217,19.5378,CARD,M,43,冻肉
401,86217,19.5378,CARD,M,43,啤酒
402,91055,24.7818,CARD,F,23,乳制品
402,91055,24.7818,CARD,F,23,软饮料
403,80297,37.2746,CHEQUE,F,21,水果
403,80297,37.2746,CHEQUE,F,21,鱼类
404,42381,46.0621,CASH,M,31,蔬菜罐头
404,42381,46.0621,CASH,M,31,肉罐头
404,42381,46.0621,CASH,M,31,冻肉
404,42381,46.0621,CASH,M,31,啤酒
404,42381,46.0621,CASH,M,31,白酒
404,42381,46.0621,CASH,M,31,鱼类
405,80954,13.9726,CASH,M,45,乳制品
405,80954,13.9726,CASH,M,45,蔬菜罐头
405,80954,13.9726,CASH,M,45,冻肉
405,80954,13.9726,CASH,M,45,啤酒
406,106531,11.6576,CASH,M,19,水果
406,106531,11.6576,CASH,M,19,冻肉
406,106531,11.6576,CASH,M,19,鱼类
407,78030,34.6469,CARD,F,38,肉罐头
407,78030,34.6469,CARD,F,38,白酒
407,78030,34.6469,CARD,F,38,糖果
408,103139,18.7964,CASH,F,20,鲜肉
408,103139,18.7964,CASH,F,20,蔬菜罐头
408,103139,18.7964,CASH,F,20,白酒
409,17939,15.8755,CASH,F,46,冻肉
410,42056,44.8521,CARD,F,30,白酒
410,42056,44.8521,CARD,F,30,鱼类
411,23419,15.6201,CASH,F,24,蔬菜罐头
411,23419,15.6201,CASH,F,24,肉罐头
411,23419,15.6201,CASH,F,24,白酒
411,23419,15.6201,CASH,F,24,软饮料
412,48783,24.61,CARD,M,50,水果
412,48783,24.61,CARD,M,50,蔬菜罐头
412,48783,24.61,CARD,M,50,冻肉
412,48783,24.61,CARD,M,50,啤酒
413,98204,18.4421,CHEQUE,M,18,乳制品
413,98204,18.4421,CHEQUE,M,18,蔬菜罐头
413,98204,18.4421,CHEQUE,M,18,冻肉
413,98204,18.4421,CHEQUE,M,18,啤酒
414,67063,40.0147,CARD,F,46,鲜肉
414,67063,40.0147,CARD,F,46,白酒
414,67063,40.0147,CARD,F,46,软饮料
414,67063,40.0147,CARD,F,46,鱼类
414,67063,40.0147,CARD,F,46,糖果
415,77335,47.8128,CASH,F,40,白酒
415,77335,47.8128,CASH,F,40,软饮料
415,77335,47.8128,CASH,F,40,糖果
417,24493,20.8675,CARD,M,45,水果
417,24493,20.8675,CARD,M,45,鲜肉
417,24493,20.8675,CARD,M,45,鱼类
419,79039,12.4456,CARD,M,46,乳制品
420,58803,11.2921,CHEQUE,M,39,鲜肉
420,58803,11.2921,CHEQUE,M,39,蔬菜罐头
420,58803,11.2921,CHEQUE,M,39,冻肉
420,58803,11.2921,CHEQUE,M,39,啤酒
420,58803,11.2921,CHEQUE,M,39,糖果
421,87066,10.8645,CARD,M,23,乳制品
421,87066,10.8645,CARD,M,23,鱼类
422,60159,43.2178,CARD,M,47,蔬菜罐头
422,60159,43.2178,CARD,M,47,冻肉
422,60159,43.2178,CARD,M,47,啤酒
423,15629,17.004,CASH,F,37,冻肉
423,15629,17.004,CASH,F,37,鱼类
424,38608,42.7334,CARD,M,21,鲜肉
424,38608,42.7334,CARD,M,21,啤酒
425,18143,43.5884,CASH,F,36,水果
425,18143,43.5884,CASH,F,36,肉罐头
425,18143,43.5884,CASH,F,36,冻肉
426,22316,29.7579,CASH,F,20,蔬菜罐头
426,22316,29.7579,CASH,F,20,肉罐头
426,22316,29.7579,CASH,F,20,白酒
426,22316,29.7579,CASH,F,20,软饮料
427,40743,25.3732,CARD,M,24,乳制品
428,79305,18.6381,CHEQUE,F,31,肉罐头
428,79305,18.6381,CHEQUE,F,31,白酒
429,83439,33.4975,CARD,F,43,肉罐头
429,83439,33.4975,CARD,F,43,白酒
429,83439,33.4975,CARD,F,43,鱼类
429,83439,33.4975,CARD,F,43,糖果
431,75971,16.0295,CARD,M,44,水果
431,75971,16.0295,CARD,M,44,乳制品
432,31046,16.5846,CASH,F,25,水果
432,31046,16.5846,CASH,F,25,蔬菜罐头
432,31046,16.5846,CASH,F,25,肉罐头
432,31046,16.5846,CASH,F,25,冻肉
432,31046,16.5846,CASH,F,25,啤酒
432,31046,16.5846,CASH,F,25,鱼类
433,13722,36.2168,CARD,M,19,水果
433,13722,36.2168,CARD,M,19,鲜肉
433,13722,36.2168,CARD,M,19,乳制品
433,13722,36.2168,CARD,M,19,啤酒
433,13722,36.2168,CARD,M,19,鱼类
435,40208,23.167,CASH,F,40,水果
435,40208,23.167,CASH,F,40,鲜肉
435,40208,23.167,CASH,F,40,肉罐头
435,40208,23.167,CASH,F,40,冻肉
436,41132,18.4412,CHEQUE,F,42,蔬菜罐头
436,41132,18.4412,CHEQUE,F,42,糖果
437,64596,42.1336,CASH,M,28,鲜肉
437,64596,42.1336,CASH,M,28,乳制品
437,64596,42.1336,CASH,M,28,啤酒
437,64596,42.1336,CASH,M,28,鱼类
438,46539,38.3992,CHEQUE,M,23,水果
438,46539,38.3992,CHEQUE,M,23,乳制品
438,46539,38.3992,CHEQUE,M,23,肉罐头
438,46539,38.3992,CHEQUE,M,23,鱼类
439,40690,28.6205,CASH,M,45,蔬菜罐头
439,40690,28.6205,CASH,M,45,冻肉
439,40690,28.6205,CASH,M,45,软饮料
440,51916,24.7427,CASH,F,23,乳制品
440,51916,24.7427,CASH,F,23,肉罐头
440,51916,24.7427,CASH,F,23,啤酒
440,51916,24.7427,CASH,F,23,软饮料
441,21814,22.3741,CARD,M,23,蔬菜罐头
441,21814,22.3741,CARD,M,23,肉罐头
441,21814,22.3741,CARD,M,23,冻肉
441,21814,22.3741,CARD,M,23,啤酒
442,31011,39.5627,CARD,M,16,水果
442,31011,39.5627,CARD,M,16,蔬菜罐头
442,31011,39.5627,CARD,M,16,冻肉
442,31011,39.5627,CARD,M,16,啤酒
442,31011,39.5627,CARD,M,16,白酒
442,31011,39.5627,CARD,M,16,鱼类
443,24210,30.4335,CARD,F,50,蔬菜罐头
443,24210,30.4335,CARD,F,50,冻肉
444,10902,26.7182,CARD,M,47,水果
444,10902,26.7182,CARD,M,47,白酒
445,106649,25.8123,CARD,F,22,水果
445,106649,25.8123,CARD,F,22,啤酒
445,106649,25.8123,CARD,F,22,鱼类
446,31033,41.5652,CARD,M,47,乳制品
446,31033,41.5652,CARD,M,47,白酒
446,31033,41.5652,CARD,M,47,糖果
447,68006,11.4931,CARD,M,19,鲜肉
448,47638,25.666,CASH,M,41,蔬菜罐头
448,47638,25.666,CASH,M,41,冻肉
448,47638,25.666,CASH,M,41,啤酒
449,18953,24.2569,CARD,F,17,水果
449,18953,24.2569,CARD,F,17,肉罐头
449,18953,24.2569,CARD,F,17,鱼类
449,18953,24.2569,CARD,F,17,糖果
450,21347,43.007,CHEQUE,F,24,肉罐头
450,21347,43.007,CHEQUE,F,24,冻肉
450,21347,43.007,CHEQUE,F,24,糖果
451,38600,47.476,CARD,M,48,白酒
451,38600,47.476,CARD,M,48,糖果
452,104830,21.4266,CASH,F,28,鲜肉
452,104830,21.4266,CASH,F,28,鱼类
453,56452,20.8234,CHEQUE,M,48,水果
453,56452,20.8234,CHEQUE,M,48,鲜肉
453,56452,20.8234,CHEQUE,M,48,肉罐头
453,56452,20.8234,CHEQUE,M,48,糖果
454,18030,12.9942,CARD,F,29,水果
454,18030,12.9942,CARD,F,29,肉罐头
455,72901,23.9797,CHEQUE,F,39,啤酒
456,104554,19.0629,CASH,M,21,水果
456,104554,19.0629,CASH,M,21,蔬菜罐头
456,104554,19.0629,CASH,M,21,冻肉
456,104554,19.0629,CASH,M,21,啤酒
456,104554,19.0629,CASH,M,21,鱼类
457,93162,46.8411,CARD,M,25,软饮料
457,93162,46.8411,CARD,M,25,鱼类
457,93162,46.8411,CARD,M,25,糖果
458,54313,30.6545,CASH,M,22,水果
458,54313,30.6545,CASH,M,22,软饮料
458,54313,30.6545,CASH,M,22,鱼类
458,54313,30.6545,CASH,M,22,糖果
459,89485,18.3222,CASH,M,28,肉罐头
459,89485,18.3222,CASH,M,28,冻肉
460,61309,22.5496,CHEQUE,M,44,肉罐头
460,61309,22.5496,CHEQUE,M,44,白酒
461,73441,21.3574,CARD,F,20,水果
461,73441,21.3574,CARD,F,20,肉罐头
461,73441,21.3574,CARD,F,20,鱼类
462,10717,47.2705,CARD,M,23,水果
462,10717,47.2705,CARD,M,23,鲜肉
462,10717,47.2705,CARD,M,23,鱼类
463,27694,24.8952,CARD,M,41,乳制品
463,27694,24.8952,CARD,M,41,蔬菜罐头
463,27694,24.8952,CARD,M,41,肉罐头
463,27694,24.8952,CARD,M,41,冻肉
463,27694,24.8952,CARD,M,41,啤酒
463,27694,24.8952,CARD,M,41,软饮料
464,69380,34.0379,CHEQUE,F,40,白酒
464,69380,34.0379,CHEQUE,F,40,糖果
465,26885,33.1864,CASH,M,28,乳制品
465,26885,33.1864,CASH,M,28,蔬菜罐头
465,26885,33.1864,CASH,M,28,冻肉
465,26885,33.1864,CASH,M,28,啤酒
466,90730,29.5005,CASH,M,36,蔬菜罐头
466,90730,29.5005,CASH,M,36,冻肉
466,90730,29.5005,CASH,M,36,啤酒
466,90730,29.5005,CASH,M,36,软饮料
467,69110,11.8488,CASH,M,16,水果
467,69110,11.8488,CASH,M,16,蔬菜罐头
467,69110,11.8488,CASH,M,16,肉罐头
467,69110,11.8488,CASH,M,16,冻肉
467,69110,11.8488,CASH,M,16,啤酒
467,69110,11.8488,CASH,M,16,白酒
467,69110,11.8488,CASH,M,16,鱼类
467,69110,11.8488,CASH,M,16,糖果
468,86612,29.7839,CARD,M,27,鲜肉
469,93353,36.8045,CARD,F,40,乳制品
469,93353,36.8045,CARD,F,40,蔬菜罐头
469,93353,36.8045,CARD,F,40,肉罐头
469,93353,36.8045,CARD,F,40,白酒
469,93353,36.8045,CARD,F,40,糖果
470,25311,47.5451,CARD,M,24,水果
470,25311,47.5451,CARD,M,24,鲜肉
470,25311,47.5451,CARD,M,24,白酒
471,81487,20.0766,CHEQUE,M,25,乳制品
471,81487,20.0766,CHEQUE,M,25,冻肉
471,81487,20.0766,CHEQUE,M,25,啤酒
472,18331,47.898,CARD,F,20,水果
472,18331,47.898,CARD,F,20,冻肉
472,18331,47.898,CARD,F,20,白酒
472,18331,47.898,CARD,F,20,糖果
473,84148,49.1791,CHEQUE,F,22,水果
473,84148,49.1791,CHEQUE,F,22,啤酒
473,84148,49.1791,CHEQUE,F,22,白酒
473,84148,49.1791,CHEQUE,F,22,鱼类
473,84148,49.1791,CHEQUE,F,22,糖果
474,83500,49.2505,CARD,M,21,蔬菜罐头
474,83500,49.2505,CARD,M,21,肉罐头
474,83500,49.2505,CARD,M,21,鱼类
474,83500,49.2505,CARD,M,21,糖果
475,29316,34.5206,CARD,M,39,蔬菜罐头
475,29316,34.5206,CARD,M,39,冻肉
475,29316,34.5206,CARD,M,39,啤酒
475,29316,34.5206,CARD,M,39,软饮料
476,82173,15.7511,CASH,F,22,水果
476,82173,15.7511,CASH,F,22,肉罐头
476,82173,15.7511,CASH,F,22,啤酒
476,82173,15.7511,CASH,F,22,鱼类
477,62264,43.3344,CARD,M,26,糖果
478,14875,18.5153,CHEQUE,M,36,鲜肉
478,14875,18.5153,CHEQUE,M,36,啤酒
478,14875,18.5153,CHEQUE,M,36,白酒
479,73594,13.0883,CHEQUE,F,41,乳制品
480,79384,22.4563,CARD,F,45,鱼类
481,63138,16.9606,CHEQUE,M,22,水果
481,63138,16.9606,CHEQUE,M,22,冻肉
481,63138,16.9606,CHEQUE,M,22,鱼类
482,58144,28.8307,CARD,F,38,肉罐头
482,58144,28.8307,CARD,F,38,冻肉
483,103446,25.3568,CARD,M,23,乳制品
483,103446,25.3568,CARD,M,23,肉罐头
484,28994,11.2168,CASH,F,18,水果
484,28994,11.2168,CASH,F,18,肉罐头
484,28994,11.2168,CASH,F,18,鱼类
485,72298,41.0628,CASH,M,25,啤酒
486,69884,18.91,CASH,M,30,软饮料
486,69884,18.91,CASH,M,30,糖果
487,68119,15.1803,CHEQUE,F,25,肉罐头
487,68119,15.1803,CHEQUE,F,25,软饮料
487,68119,15.1803,CHEQUE,F,25,糖果
488,14692,40.8875,CARD,F,19,蔬菜罐头
488,14692,40.8875,CARD,F,19,白酒
489,52530,28.0822,CASH,F,35,软饮料
490,28803,41.9003,CHEQUE,M,38,蔬菜罐头
490,28803,41.9003,CHEQUE,M,38,冻肉
490,28803,41.9003,CHEQUE,M,38,啤酒
490,28803,41.9003,CHEQUE,M,38,鱼类
491,86983,43.3446,CARD,F,17,水果
491,86983,43.3446,CARD,F,17,鲜肉
491,86983,43.3446,CARD,F,17,肉罐头
491,86983,43.3446,CARD,F,17,白酒
491,86983,43.3446,CARD,F,17,鱼类
491,86983,43.3446,CARD,F,17,糖果
492,72454,44.1263,CASH,F,27,啤酒
492,72454,44.1263,CASH,F,27,白酒
492,72454,44.1263,CASH,F,27,糖果
493,50551,27.6473,CARD,F,27,水果
493,50551,27.6473,CARD,F,27,乳制品
493,50551,27.6473,CARD,F,27,蔬菜罐头
493,50551,27.6473,CARD,F,27,冻肉
493,50551,27.6473,CARD,F,27,软饮料
494,92868,48.3546,CHEQUE,M,40,蔬菜罐头
494,92868,48.3546,CHEQUE,M,40,冻肉
494,92868,48.3546,CHEQUE,M,40,白酒
495,20991,37.5076,CARD,M,25,蔬菜罐头
495,20991,37.5076,CARD,M,25,冻肉
495,20991,37.5076,CARD,M,25,啤酒
496,98352,46.0629,CARD,F,36,肉罐头
496,98352,46.0629,CARD,F,36,冻肉
496,98352,46.0629,CARD,F,36,鱼类
497,30239,42.3719,CARD,M,17,水果
497,30239,42.3719,CARD,M,17,乳制品
497,30239,42.3719,CARD,M,17,软饮料
498,15882,20.7035,CASH,M,20,蔬菜罐头
498,15882,20.7035,CASH,M,20,冻肉
498,15882,20.7035,CASH,M,20,啤酒
499,30989,25.9133,CARD,F,50,糖果
500,107499,12.3961,CASH,F,28,白酒
500,107499,12.3961,CASH,F,28,软饮料
501,70336,45.3326,CASH,F,20,水果
501,70336,45.3326,CASH,F,20,乳制品
502,47598,42.9427,CARD,F,40,水果
502,47598,42.9427,CARD,F,40,啤酒
502,47598,42.9427,CARD,F,40,白酒
502,47598,42.9427,CARD,F,40,糖果
504,20260,13.1243,CHEQUE,M,21,蔬菜罐头
504,20260,13.1243,CHEQUE,M,21,糖果
505,50531,37.4002,CARD,F,36,水果
505,50531,37.4002,CARD,F,36,鲜肉
505,50531,37.4002,CARD,F,36,乳制品
506,42653,14.0502,CARD,M,49,软饮料
507,94685,31.7561,CARD,M,29,鲜肉
507,94685,31.7561,CARD,M,29,乳制品
508,11818,31.9051,CARD,F,48,鲜肉
509,25668,21.9571,CHEQUE,F,19,白酒
509,25668,21.9571,CHEQUE,F,19,糖果
510,53959,40.8684,CASH,F,27,鲜肉
510,53959,40.8684,CASH,F,27,乳制品
510,53959,40.8684,CASH,F,27,啤酒
510,53959,40.8684,CASH,F,27,软饮料
510,53959,40.8684,CASH,F,27,糖果
511,55992,17.2856,CASH,M,30,肉罐头
511,55992,17.2856,CASH,M,30,软饮料
511,55992,17.2856,CASH,M,30,鱼类
512,85081,38.2586,CARD,F,29,水果
512,85081,38.2586,CARD,F,29,啤酒
512,85081,38.2586,CARD,F,29,白酒
512,85081,38.2586,CARD,F,29,糖果
513,104800,13.2577,CARD,M,29,啤酒
514,92125,15.7945,CARD,F,17,蔬菜罐头
515,107314,42.9349,CASH,M,26,蔬菜罐头
515,107314,42.9349,CASH,M,26,冻肉
515,107314,42.9349,CASH,M,26,啤酒
515,107314,42.9349,CASH,M,26,白酒
516,29192,21.2654,CASH,M,29,鲜肉
516,29192,21.2654,CASH,M,29,糖果
518,48749,18.471,CARD,F,30,鱼类
519,49658,17.2076,CARD,M,40,鲜肉
519,49658,17.2076,CARD,M,40,蔬菜罐头
519,49658,17.2076,CARD,M,40,软饮料
519,49658,17.2076,CARD,M,40,糖果
520,20521,46.3,CASH,M,44,水果
520,20521,46.3,CASH,M,44,蔬菜罐头
520,20521,46.3,CASH,M,44,白酒
521,75663,20.8372,CARD,F,29,鲜肉
521,75663,20.8372,CARD,F,29,肉罐头
522,65425,23.0249,CARD,F,25,乳制品
522,65425,23.0249,CARD,F,25,啤酒
523,67133,36.6913,CHEQUE,M,39,蔬菜罐头
523,67133,36.6913,CHEQUE,M,39,冻肉
523,67133,36.6913,CHEQUE,M,39,白酒
523,67133,36.6913,CHEQUE,M,39,糖果
524,62455,35.2522,CARD,F,43,鱼类
525,100255,22.6799,CHEQUE,M,30,白酒
526,15590,44.0704,CASH,M,41,水果
526,15590,44.0704,CASH,M,41,蔬菜罐头
526,15590,44.0704,CASH,M,41,鱼类
527,46278,34.0079,CARD,M,40,水果
527,46278,34.0079,CARD,M,40,鲜肉
527,46278,34.0079,CARD,M,40,蔬菜罐头
527,46278,34.0079,CARD,M,40,啤酒
528,12582,25.6014,CASH,M,23,水果
528,12582,25.6014,CASH,M,23,鲜肉
528,12582,25.6014,CASH,M,23,啤酒
528,12582,25.6014,CASH,M,23,白酒
528,12582,25.6014,CASH,M,23,鱼类
529,38723,17.159,CHEQUE,F,16,水果
529,38723,17.159,CHEQUE,F,16,啤酒
529,38723,17.159,CHEQUE,F,16,软饮料
529,38723,17.159,CHEQUE,F,16,鱼类
530,47251,46.4065,CARD,F,43,水果
530,47251,46.4065,CARD,F,43,鲜肉
530,47251,46.4065,CARD,F,43,蔬菜罐头
530,47251,46.4065,CARD,F,43,白酒
530,47251,46.4065,CARD,F,43,软饮料
530,47251,46.4065,CARD,F,43,鱼类
530,47251,46.4065,CARD,F,43,糖果
531,109798,15.133,CASH,M,33,冻肉
532,59349,28.4931,CARD,M,18,水果
532,59349,28.4931,CARD,M,18,蔬菜罐头
532,59349,28.4931,CARD,M,18,冻肉
532,59349,28.4931,CARD,M,18,啤酒
532,59349,28.4931,CARD,M,18,软饮料
533,17830,28.0198,CARD,F,47,水果
533,17830,28.0198,CARD,F,47,肉罐头
533,17830,28.0198,CARD,F,47,啤酒
533,17830,28.0198,CARD,F,47,鱼类
534,69401,36.754,CASH,F,25,水果
534,69401,36.754,CASH,F,25,肉罐头
534,69401,36.754,CASH,F,25,白酒
534,69401,36.754,CASH,F,25,糖果
535,103708,26.061,CASH,F,29,白酒
535,103708,26.061,CASH,F,29,鱼类
536,27664,35.6361,CASH,F,26,水果
536,27664,35.6361,CASH,F,26,乳制品
536,27664,35.6361,CASH,F,26,肉罐头
536,27664,35.6361,CASH,F,26,冻肉
536,27664,35.6361,CASH,F,26,软饮料
536,27664,35.6361,CASH,F,26,鱼类
537,102206,27.6682,CARD,F,41,水果
537,102206,27.6682,CARD,F,41,蔬菜罐头
538,51732,41.0697,CASH,M,33,鲜肉
538,51732,41.0697,CASH,M,33,蔬菜罐头
538,51732,41.0697,CASH,M,33,冻肉
538,51732,41.0697,CASH,M,33,啤酒
539,28630,30.4989,CHEQUE,F,39,肉罐头
539,28630,30.4989,CHEQUE,F,39,鱼类
540,36857,46.1326,CASH,M,49,鲜肉
541,82419,19.7255,CHEQUE,F,31,鲜肉
541,82419,19.7255,CHEQUE,F,31,蔬菜罐头
541,82419,19.7255,CHEQUE,F,31,啤酒
542,103385,22.8296,CASH,M,16,水果
542,103385,22.8296,CASH,M,16,鲜肉
542,103385,22.8296,CASH,M,16,蔬菜罐头
542,103385,22.8296,CASH,M,16,冻肉
542,103385,22.8296,CASH,M,16,啤酒
542,103385,22.8296,CASH,M,16,鱼类
543,87793,46.8845,CASH,F,40,冻肉
543,87793,46.8845,CASH,F,40,白酒
543,87793,46.8845,CASH,F,40,鱼类
543,87793,46.8845,CASH,F,40,糖果
544,94341,22.4622,CARD,M,17,蔬菜罐头
544,94341,22.4622,CARD,M,17,冻肉
544,94341,22.4622,CARD,M,17,啤酒
544,94341,22.4622,CARD,M,17,白酒
545,19078,38.852,CASH,M,28,水果
545,19078,38.852,CASH,M,28,糖果
546,109376,43.1101,CASH,M,21,白酒
547,58235,48.1146,CASH,F,45,蔬菜罐头
547,58235,48.1146,CASH,F,45,白酒
547,58235,48.1146,CASH,F,45,糖果
548,33233,24.774,CARD,M,28,鲜肉
548,33233,24.774,CARD,M,28,白酒
549,83883,23.034,CARD,F,47,白酒
549,83883,23.034,CARD,F,47,糖果
550,69718,43.3975,CARD,F,29,白酒
550,69718,43.3975,CARD,F,29,软饮料
550,69718,43.3975,CARD,F,29,糖果
551,105829,27.0835,CHEQUE,F,23,鲜肉
551,105829,27.0835,CHEQUE,F,23,冻肉
552,39221,35.3104,CARD,M,43,鲜肉
552,39221,35.3104,CARD,M,43,肉罐头
553,98809,45.5905,CARD,F,19,水果
553,98809,45.5905,CARD,F,19,冻肉
553,98809,45.5905,CARD,F,19,啤酒
553,98809,45.5905,CARD,F,19,白酒
553,98809,45.5905,CARD,F,19,鱼类
553,98809,45.5905,CARD,F,19,糖果
554,14759,14.8671,CARD,M,24,乳制品
554,14759,14.8671,CARD,M,24,蔬菜罐头
554,14759,14.8671,CARD,M,24,软饮料
555,40659,27.48,CARD,M,39,蔬菜罐头
555,40659,27.48,CARD,M,39,冻肉
555,40659,27.48,CARD,M,39,啤酒
556,95915,17.3132,CASH,M,35,蔬菜罐头
556,95915,17.3132,CASH,M,35,肉罐头
556,95915,17.3132,CASH,M,35,冻肉
556,95915,17.3132,CASH,M,35,啤酒
558,105601,40.7653,CARD,M,42,蔬菜罐头
558,105601,40.7653,CARD,M,42,肉罐头
558,105601,40.7653,CARD,M,42,冻肉
558,105601,40.7653,CARD,M,42,啤酒
559,89209,24.1621,CHEQUE,M,19,白酒
560,69754,44.0797,CASH,M,24,乳制品
560,69754,44.0797,CASH,M,24,软饮料
561,17133,21.3284,CARD,M,22,水果
561,17133,21.3284,CARD,M,22,冻肉
561,17133,21.3284,CARD,M,22,白酒
561,17133,21.3284,CARD,M,22,软饮料
562,11119,29.4205,CHEQUE,F,27,软饮料
562,11119,29.4205,CHEQUE,F,27,鱼类
562,11119,29.4205,CHEQUE,F,27,糖果
563,57615,46.7916,CARD,M,41,水果
563,57615,46.7916,CARD,M,41,肉罐头
563,57615,46.7916,CARD,M,41,糖果
564,61270,31.9036,CARD,M,49,白酒
565,11220,23.6325,CARD,M,27,蔬菜罐头
565,11220,23.6325,CARD,M,27,冻肉
565,11220,23.6325,CARD,M,27,啤酒
565,11220,23.6325,CARD,M,27,糖果
567,32444,24.2582,CASH,F,17,水果
567,32444,24.2582,CASH,F,17,乳制品
567,32444,24.2582,CASH,F,17,鱼类
568,93037,19.1763,CASH,F,41,蔬菜罐头
568,93037,19.1763,CASH,F,41,白酒
568,93037,19.1763,CASH,F,41,鱼类
569,34809,32.7941,CASH,F,38,肉罐头
570,57582,24.6694,CASH,M,39,乳制品
570,57582,24.6694,CASH,M,39,肉罐头
571,59184,12.4807,CASH,F,36,鲜肉
572,27682,18.2962,CHEQUE,F,47,啤酒
572,27682,18.2962,CHEQUE,F,47,鱼类
572,27682,18.2962,CHEQUE,F,47,糖果
573,56851,21.6406,CARD,M,29,蔬菜罐头
573,56851,21.6406,CARD,M,29,冻肉
573,56851,21.6406,CARD,M,29,啤酒
574,12312,19.2175,CARD,F,34,鲜肉
574,12312,19.2175,CARD,F,34,冻肉
574,12312,19.2175,CARD,F,34,软饮料
575,53953,26.9729,CARD,F,48,水果
575,53953,26.9729,CARD,F,48,鲜肉
575,53953,26.9729,CARD,F,48,软饮料
576,81616,43.8689,CARD,F,21,水果
576,81616,43.8689,CARD,F,21,蔬菜罐头
576,81616,43.8689,CARD,F,21,肉罐头
576,81616,43.8689,CARD,F,21,糖果
577,37366,43.2528,CASH,M,19,水果
577,37366,43.2528,CASH,M,19,乳制品
577,37366,43.2528,CASH,M,19,肉罐头
577,37366,43.2528,CASH,M,19,鱼类
578,97512,17.4561,CHEQUE,F,32,鲜肉
578,97512,17.4561,CHEQUE,F,32,软饮料
579,49769,20.058,CARD,M,19,鲜肉
582,98023,26.3646,CARD,F,20,冻肉
582,98023,26.3646,CARD,F,20,鱼类
583,32669,49.8042,CASH,M,46,水果
583,32669,49.8042,CASH,M,46,冻肉
584,61255,49.5666,CASH,F,31,乳制品
584,61255,49.5666,CASH,F,31,白酒
584,61255,49.5666,CASH,F,31,软饮料
584,61255,49.5666,CASH,F,31,糖果
585,101414,26.828,CARD,F,38,白酒
586,24686,38.2775,CARD,F,28,乳制品
586,24686,38.2775,CARD,F,28,啤酒
586,24686,38.2775,CARD,F,28,白酒
586,24686,38.2775,CARD,F,28,鱼类
586,24686,38.2775,CARD,F,28,糖果
587,37114,48.0396,CASH,M,37,蔬菜罐头
587,37114,48.0396,CASH,M,37,冻肉
587,37114,48.0396,CASH,M,37,啤酒
587,37114,48.0396,CASH,M,37,鱼类
587,37114,48.0396,CASH,M,37,糖果
588,94790,39.7012,CARD,M,31,肉罐头
588,94790,39.7012,CARD,M,31,鱼类
589,105007,44.6825,CARD,F,45,乳制品
589,105007,44.6825,CARD,F,45,白酒
589,105007,44.6825,CARD,F,45,糖果
590,38645,47.2099,CASH,F,20,水果
590,38645,47.2099,CASH,F,20,肉罐头
590,38645,47.2099,CASH,F,20,啤酒
590,38645,47.2099,CASH,F,20,白酒
590,38645,47.2099,CASH,F,20,鱼类
590,38645,47.2099,CASH,F,20,糖果
591,37567,41.7778,CARD,M,46,鲜肉
591,37567,41.7778,CARD,M,46,乳制品
591,37567,41.7778,CARD,M,46,冻肉
592,62993,36.0895,CARD,F,45,乳制品
593,12547,32.3073,CARD,M,35,蔬菜罐头
593,12547,32.3073,CARD,M,35,肉罐头
593,12547,32.3073,CARD,M,35,冻肉
593,12547,32.3073,CARD,M,35,啤酒
594,106654,47.9564,CHEQUE,M,44,冻肉
594,106654,47.9564,CHEQUE,M,44,软饮料
595,59389,39.5687,CARD,F,29,蔬菜罐头
596,104327,26.223,CHEQUE,F,45,蔬菜罐头
596,104327,26.223,CHEQUE,F,45,白酒
597,87250,39.0228,CARD,F,43,鲜肉
598,27371,38.7433,CHEQUE,F,25,冻肉
598,27371,38.7433,CHEQUE,F,25,鱼类
599,91545,12.3519,CARD,M,45,乳制品
600,71276,36.3388,CARD,F,45,蔬菜罐头
600,71276,36.3388,CARD,F,45,冻肉
600,71276,36.3388,CARD,F,45,啤酒
601,109551,40.6114,CASH,M,35,啤酒
601,109551,40.6114,CASH,M,35,白酒
602,50961,24.0284,CASH,F,16,啤酒
603,72979,21.3607,CHEQUE,M,18,冻肉
603,72979,21.3607,CHEQUE,M,18,软饮料
603,72979,21.3607,CHEQUE,M,18,糖果
604,50104,25.603,CASH,M,23,水果
604,50104,25.603,CASH,M,23,啤酒
604,50104,25.603,CASH,M,23,鱼类
605,13893,24.8043,CARD,F,19,鲜肉
605,13893,24.8043,CARD,F,19,蔬菜罐头
605,13893,24.8043,CARD,F,19,肉罐头
605,13893,24.8043,CARD,F,19,冻肉
605,13893,24.8043,CARD,F,19,鱼类
606,12800,25.7388,CARD,F,49,水果
607,89460,33.4191,CASH,M,16,水果
607,89460,33.4191,CASH,M,16,蔬菜罐头
607,89460,33.4191,CASH,M,16,冻肉
607,89460,33.4191,CASH,M,16,啤酒
607,89460,33.4191,CASH,M,16,糖果
608,63779,45.9019,CHEQUE,F,48,软饮料
609,29483,29.1147,CHEQUE,M,16,水果
610,83127,41.2905,CHEQUE,M,21,水果
610,83127,41.2905,CHEQUE,M,21,鱼类
611,96371,40.2238,CASH,M,37,乳制品
612,66886,10.6842,CASH,M,41,水果
612,66886,10.6842,CASH,M,41,乳制品
612,66886,10.6842,CASH,M,41,肉罐头
613,66940,43.9612,CARD,F,35,白酒
613,66940,43.9612,CARD,F,35,软饮料
613,66940,43.9612,CARD,F,35,鱼类
613,66940,43.9612,CARD,F,35,糖果
614,36191,46.4275,CHEQUE,F,24,水果
614,36191,46.4275,CHEQUE,F,24,乳制品
614,36191,46.4275,CHEQUE,F,24,冻肉
614,36191,46.4275,CHEQUE,F,24,啤酒
614,36191,46.4275,CHEQUE,F,24,鱼类
616,93393,35.4566,CASH,M,37,水果
616,93393,35.4566,CASH,M,37,鲜肉
616,93393,35.4566,CASH,M,37,啤酒
617,60890,44.6318,CARD,M,28,鲜肉
617,60890,44.6318,CARD,M,28,蔬菜罐头
617,60890,44.6318,CARD,M,28,冻肉
617,60890,44.6318,CARD,M,28,啤酒
617,60890,44.6318,CARD,M,28,软饮料
617,60890,44.6318,CARD,M,28,鱼类
617,60890,44.6318,CARD,M,28,糖果
618,18464,20.9389,CARD,M,22,蔬菜罐头
619,75130,39.1493,CHEQUE,F,33,水果
619,75130,39.1493,CHEQUE,F,33,啤酒
620,64281,17.718,CARD,M,47,水果
620,64281,17.718,CARD,M,47,乳制品
620,64281,17.718,CARD,M,47,蔬菜罐头
620,64281,17.718,CARD,M,47,冻肉
620,64281,17.718,CARD,M,47,啤酒
620,64281,17.718,CARD,M,47,白酒
620,64281,17.718,CARD,M,47,鱼类
621,84937,24.8076,CHEQUE,F,43,水果
621,84937,24.8076,CHEQUE,F,43,啤酒
622,58388,18.7703,CHEQUE,M,39,肉罐头
622,58388,18.7703,CHEQUE,M,39,啤酒
622,58388,18.7703,CHEQUE,M,39,软饮料
623,106314,24.1036,CASH,F,37,蔬菜罐头
623,106314,24.1036,CASH,F,37,肉罐头
624,34529,43.1953,CARD,F,18,水果
624,34529,43.1953,CARD,F,18,肉罐头
624,34529,43.1953,CARD,F,18,鱼类
624,34529,43.1953,CARD,F,18,糖果
625,56220,12.6155,CARD,F,28,鲜肉
625,56220,12.6155,CARD,F,28,肉罐头
626,49085,26.1937,CARD,M,25,白酒
626,49085,26.1937,CARD,M,25,鱼类
626,49085,26.1937,CARD,M,25,糖果
627,84497,38.2919,CARD,F,31,肉罐头
627,84497,38.2919,CARD,F,31,白酒
627,84497,38.2919,CARD,F,31,糖果
628,90165,10.855,CHEQUE,F,24,蔬菜罐头
629,98626,27.505,CHEQUE,F,42,乳制品
629,98626,27.505,CHEQUE,F,42,蔬菜罐头
629,98626,27.505,CHEQUE,F,42,鱼类
629,98626,27.505,CHEQUE,F,42,糖果
630,96289,16.1359,CARD,M,47,水果
630,96289,16.1359,CARD,M,47,蔬菜罐头
630,96289,16.1359,CARD,M,47,冻肉
630,96289,16.1359,CARD,M,47,啤酒
631,78598,48.6573,CASH,M,30,白酒
631,78598,48.6573,CASH,M,30,糖果
632,37571,18.0642,CASH,M,38,鲜肉
632,37571,18.0642,CASH,M,38,蔬菜罐头
632,37571,18.0642,CASH,M,38,白酒
632,37571,18.0642,CASH,M,38,软饮料
633,42689,12.2038,CARD,F,40,水果
633,42689,12.2038,CARD,F,40,糖果
634,102421,19.2276,CASH,M,25,肉罐头
634,102421,19.2276,CASH,M,25,软饮料
634,102421,19.2276,CASH,M,25,鱼类
635,75792,31.2017,CASH,M,50,白酒
636,71604,18.1721,CARD,M,49,乳制品
636,71604,18.1721,CARD,M,49,啤酒
636,71604,18.1721,CARD,M,49,鱼类
638,28233,40.8109,CASH,F,50,水果
638,28233,40.8109,CASH,F,50,啤酒
638,28233,40.8109,CASH,F,50,白酒
638,28233,40.8109,CASH,F,50,鱼类
638,28233,40.8109,CASH,F,50,糖果
639,72902,46.5449,CASH,F,16,乳制品
639,72902,46.5449,CASH,F,16,白酒
639,72902,46.5449,CASH,F,16,软饮料
639,72902,46.5449,CASH,F,16,糖果
640,102703,40.0432,CARD,M,32,水果
640,102703,40.0432,CARD,M,32,鲜肉
640,102703,40.0432,CARD,M,32,肉罐头
640,102703,40.0432,CARD,M,32,软饮料
641,50645,31.6988,CHEQUE,F,45,鲜肉
641,50645,31.6988,CHEQUE,F,45,冻肉
642,40282,33.5207,CASH,F,42,乳制品
642,40282,33.5207,CASH,F,42,冻肉
642,40282,33.5207,CASH,F,42,白酒
642,40282,33.5207,CASH,F,42,糖果
643,94015,48.1999,CHEQUE,F,24,水果
643,94015,48.1999,CHEQUE,F,24,白酒
643,94015,48.1999,CHEQUE,F,24,鱼类
643,94015,48.1999,CHEQUE,F,24,糖果
644,98696,31.1958,CASH,M,39,白酒
644,98696,31.1958,CASH,M,39,糖果
645,43401,29.4406,CASH,M,24,水果
645,43401,29.4406,CASH,M,24,蔬菜罐头
645,43401,29.4406,CASH,M,24,冻肉
645,43401,29.4406,CASH,M,24,啤酒
645,43401,29.4406,CASH,M,24,鱼类
646,106585,23.6473,CASH,M,50,蔬菜罐头
646,106585,23.6473,CASH,M,50,肉罐头
646,106585,23.6473,CASH,M,50,啤酒
648,34702,26.3763,CARD,M,25,水果
648,34702,26.3763,CARD,M,25,鱼类
649,19999,17.1606,CARD,F,44,水果
649,19999,17.1606,CARD,F,44,蔬菜罐头
649,19999,17.1606,CARD,F,44,冻肉
649,19999,17.1606,CARD,F,44,鱼类
650,76145,27.5548,CARD,F,27,鲜肉
650,76145,27.5548,CARD,F,27,肉罐头
651,84033,43.42,CASH,F,31,鲜肉
651,84033,43.42,CASH,F,31,蔬菜罐头
651,84033,43.42,CASH,F,31,白酒
652,50142,17.7878,CARD,M,23,白酒
654,101699,15.1186,CARD,M,35,乳制品
654,101699,15.1186,CARD,M,35,肉罐头
654,101699,15.1186,CARD,M,35,冻肉
655,23380,36.4903,CHEQUE,M,43,鱼类
656,63368,42.4066,CARD,M,38,水果
656,63368,42.4066,CARD,M,38,蔬菜罐头
656,63368,42.4066,CARD,M,38,冻肉
656,63368,42.4066,CARD,M,38,啤酒
657,32392,16.1584,CARD,M,22,水果
657,32392,16.1584,CARD,M,22,鱼类
658,79577,41.2514,CARD,F,38,鲜肉
658,79577,41.2514,CARD,F,38,白酒
659,30558,16.5851,CARD,F,34,鱼类
660,103166,25.5922,CASH,F,33,鲜肉
660,103166,25.5922,CASH,F,33,乳制品
660,103166,25.5922,CASH,F,33,白酒
661,64053,31.1795,CHEQUE,F,36,白酒
662,28081,26.1124,CARD,M,16,水果
662,28081,26.1124,CARD,M,16,鲜肉
662,28081,26.1124,CARD,M,16,肉罐头
662,28081,26.1124,CARD,M,16,啤酒
662,28081,26.1124,CARD,M,16,鱼类
662,28081,26.1124,CARD,M,16,糖果
663,106044,36.1337,CARD,M,29,水果
663,106044,36.1337,CARD,M,29,蔬菜罐头
663,106044,36.1337,CARD,M,29,冻肉
663,106044,36.1337,CARD,M,29,啤酒
663,106044,36.1337,CARD,M,29,白酒
663,106044,36.1337,CARD,M,29,鱼类
664,11241,33.8901,CHEQUE,M,22,水果
664,11241,33.8901,CHEQUE,M,22,鲜肉
664,11241,33.8901,CHEQUE,M,22,蔬菜罐头
664,11241,33.8901,CHEQUE,M,22,冻肉
664,11241,33.8901,CHEQUE,M,22,啤酒
664,11241,33.8901,CHEQUE,M,22,鱼类
665,11966,22.1877,CARD,M,16,水果
665,11966,22.1877,CARD,M,16,乳制品
665,11966,22.1877,CARD,M,16,鱼类
665,11966,22.1877,CARD,M,16,糖果
666,15835,24.3642,CASH,F,41,鱼类
667,107714,22.1969,CARD,F,21,水果
667,107714,22.1969,CARD,F,21,鲜肉
667,107714,22.1969,CARD,F,21,乳制品
667,107714,22.1969,CARD,F,21,肉罐头
667,107714,22.1969,CARD,F,21,软饮料
668,29095,46.7096,CHEQUE,M,42,蔬菜罐头
668,29095,46.7096,CHEQUE,M,42,冻肉
668,29095,46.7096,CHEQUE,M,42,啤酒
668,29095,46.7096,CHEQUE,M,42,白酒
669,98635,33.9481,CASH,F,22,鲜肉
669,98635,33.9481,CASH,F,22,白酒
669,98635,33.9481,CASH,F,22,糖果
670,20849,44.9825,CASH,F,30,乳制品
670,20849,44.9825,CASH,F,30,蔬菜罐头
670,20849,44.9825,CASH,F,30,白酒
670,20849,44.9825,CASH,F,30,软饮料
670,20849,44.9825,CASH,F,30,鱼类
670,20849,44.9825,CASH,F,30,糖果
671,87703,27.7087,CASH,M,20,水果
671,87703,27.7087,CASH,M,20,肉罐头
671,87703,27.7087,CASH,M,20,鱼类
671,87703,27.7087,CASH,M,20,糖果
672,54981,49.2205,CASH,M,17,蔬菜罐头
672,54981,49.2205,CASH,M,17,肉罐头
672,54981,49.2205,CASH,M,17,白酒
673,51818,16.6528,CARD,M,34,水果
674,15650,48.7559,CARD,M,28,鱼类
675,56097,46.7188,CASH,F,25,白酒
675,56097,46.7188,CASH,F,25,糖果
676,54172,10.4023,CHEQUE,F,46,鲜肉
676,54172,10.4023,CHEQUE,F,46,啤酒
676,54172,10.4023,CHEQUE,F,46,鱼类
677,103749,34.7506,CARD,F,21,乳制品
677,103749,34.7506,CARD,F,21,鱼类
678,98409,32.6006,CASH,F,35,白酒
678,98409,32.6006,CASH,F,35,糖果
679,57762,26.7967,CASH,M,36,水果
679,57762,26.7967,CASH,M,36,肉罐头
680,82901,39.8343,CASH,F,33,白酒
680,82901,39.8343,CASH,F,33,糖果
681,88972,31.8546,CASH,M,22,水果
681,88972,31.8546,CASH,M,22,白酒
681,88972,31.8546,CASH,M,22,鱼类
682,73383,13.9755,CARD,M,31,肉罐头
683,42163,44.9981,CASH,M,29,水果
684,41841,18.2815,CASH,M,40,水果
684,41841,18.2815,CASH,M,40,鲜肉
684,41841,18.2815,CASH,M,40,乳制品
684,41841,18.2815,CASH,M,40,蔬菜罐头
684,41841,18.2815,CASH,M,40,软饮料
684,41841,18.2815,CASH,M,40,糖果
685,39077,20.5746,CARD,M,34,鲜肉
685,39077,20.5746,CARD,M,34,肉罐头
686,70014,17.4934,CARD,M,25,蔬菜罐头
686,70014,17.4934,CARD,M,25,白酒
687,78428,12.3794,CARD,F,38,冻肉
687,78428,12.3794,CARD,F,38,软饮料
688,23784,25.7551,CASH,F,20,乳制品
689,26291,14.0896,CARD,F,49,鲜肉
689,26291,14.0896,CARD,F,49,白酒
689,26291,14.0896,CARD,F,49,软饮料
690,88549,37.5927,CARD,M,20,水果
690,88549,37.5927,CARD,M,20,冻肉
690,88549,37.5927,CARD,M,20,软饮料
690,88549,37.5927,CARD,M,20,鱼类
691,90911,30.5207,CASH,F,16,水果
691,90911,30.5207,CASH,F,16,鲜肉
691,90911,30.5207,CASH,F,16,冻肉
692,17470,19.0756,CASH,F,42,冻肉
692,17470,19.0756,CASH,F,42,啤酒
692,17470,19.0756,CASH,F,42,鱼类
692,17470,19.0756,CASH,F,42,糖果
693,94531,32.7653,CASH,M,41,鲜肉
693,94531,32.7653,CASH,M,41,肉罐头
693,94531,32.7653,CASH,M,41,冻肉
694,90462,10.0726,CASH,M,36,鲜肉
694,90462,10.0726,CASH,M,36,蔬菜罐头
694,90462,10.0726,CASH,M,36,冻肉
694,90462,10.0726,CASH,M,36,啤酒
694,90462,10.0726,CASH,M,36,白酒
695,108003,12.5105,CARD,F,34,蔬菜罐头
695,108003,12.5105,CARD,F,34,白酒
695,108003,12.5105,CARD,F,34,鱼类
696,87953,16.2099,CARD,M,22,肉罐头
696,87953,16.2099,CARD,M,22,冻肉
696,87953,16.2099,CARD,M,22,鱼类
697,36863,39.4701,CARD,F,34,乳制品
697,36863,39.4701,CARD,F,34,白酒
697,36863,39.4701,CARD,F,34,糖果
698,28138,40.9457,CASH,F,32,鱼类
699,69965,38.7874,CARD,M,21,水果
699,69965,38.7874,CARD,M,21,乳制品
699,69965,38.7874,CARD,M,21,啤酒
699,69965,38.7874,CARD,M,21,鱼类
700,100047,24.1955,CHEQUE,F,23,水果
700,100047,24.1955,CHEQUE,F,23,蔬菜罐头
700,100047,24.1955,CHEQUE,F,23,鱼类
701,13325,41.2805,CARD,F,48,白酒
701,13325,41.2805,CARD,F,48,鱼类
701,13325,41.2805,CARD,F,48,糖果
702,17747,33.8601,CARD,M,37,鱼类
703,61618,34.4744,CHEQUE,F,49,蔬菜罐头
703,61618,34.4744,CHEQUE,F,49,糖果
704,97148,49.3472,CARD,F,34,蔬菜罐头
704,97148,49.3472,CARD,F,34,啤酒
704,97148,49.3472,CARD,F,34,白酒
704,97148,49.3472,CARD,F,34,软饮料
704,97148,49.3472,CARD,F,34,糖果
705,28977,37.2656,CARD,M,33,鲜肉
705,28977,37.2656,CARD,M,33,蔬菜罐头
705,28977,37.2656,CARD,M,33,肉罐头
705,28977,37.2656,CARD,M,33,冻肉
705,28977,37.2656,CARD,M,33,啤酒
705,28977,37.2656,CARD,M,33,软饮料
706,37784,49.0631,CARD,M,41,肉罐头
707,29107,32.3863,CASH,F,21,肉罐头
707,29107,32.3863,CASH,F,21,冻肉
708,63979,39.1,CARD,M,17,肉罐头
708,63979,39.1,CARD,M,17,啤酒
708,63979,39.1,CARD,M,17,软饮料
709,106290,33.0487,CHEQUE,M,35,乳制品
710,90562,29.0087,CASH,M,24,蔬菜罐头
710,90562,29.0087,CASH,M,24,肉罐头
710,90562,29.0087,CASH,M,24,鱼类
711,99457,38.2007,CARD,F,16,水果
711,99457,38.2007,CARD,F,16,鲜肉
711,99457,38.2007,CARD,F,16,蔬菜罐头
711,99457,38.2007,CARD,F,16,鱼类
712,25097,20.0102,CASH,M,40,蔬菜罐头
712,25097,20.0102,CASH,M,40,肉罐头
712,25097,20.0102,CASH,M,40,冻肉
712,25097,20.0102,CASH,M,40,软饮料
713,70359,35.1138,CHEQUE,F,46,水果
713,70359,35.1138,CHEQUE,F,46,鱼类
714,87450,48.2053,CARD,F,38,冻肉
714,87450,48.2053,CARD,F,38,鱼类
715,23682,29.7183,CHEQUE,M,48,蔬菜罐头
715,23682,29.7183,CHEQUE,M,48,冻肉
715,23682,29.7183,CHEQUE,M,48,啤酒
715,23682,29.7183,CHEQUE,M,48,白酒
716,66551,43.8679,CASH,M,30,乳制品
716,66551,43.8679,CASH,M,30,鱼类
719,69802,43.5423,CASH,F,33,蔬菜罐头
719,69802,43.5423,CASH,F,33,啤酒
720,77419,29.7398,CARD,M,36,蔬菜罐头
720,77419,29.7398,CARD,M,36,冻肉
720,77419,29.7398,CARD,M,36,啤酒
720,77419,29.7398,CARD,M,36,糖果
721,59590,27.9826,CARD,M,26,乳制品
721,59590,27.9826,CARD,M,26,蔬菜罐头
721,59590,27.9826,CARD,M,26,冻肉
721,59590,27.9826,CARD,M,26,啤酒
721,59590,27.9826,CARD,M,26,软饮料
722,108832,27.8603,CHEQUE,F,37,鱼类
724,79001,38.5516,CARD,F,24,白酒
724,79001,38.5516,CARD,F,24,鱼类
724,79001,38.5516,CARD,F,24,糖果
725,26396,22.7651,CARD,M,47,蔬菜罐头
726,91986,35.1619,CASH,F,26,鲜肉
726,91986,35.1619,CASH,F,26,蔬菜罐头
727,36040,37.3032,CASH,M,26,冻肉
727,36040,37.3032,CASH,M,26,白酒
727,36040,37.3032,CASH,M,26,软饮料
728,107876,21.8933,CHEQUE,M,44,啤酒
728,107876,21.8933,CHEQUE,M,44,白酒
728,107876,21.8933,CHEQUE,M,44,鱼类
729,71832,35.8777,CARD,F,43,肉罐头
729,71832,35.8777,CARD,F,43,鱼类
730,66618,30.501,CASH,F,50,水果
730,66618,30.501,CASH,F,50,鲜肉
730,66618,30.501,CASH,F,50,蔬菜罐头
730,66618,30.501,CASH,F,50,肉罐头
731,52128,13.6852,CARD,M,29,蔬菜罐头
731,52128,13.6852,CARD,M,29,冻肉
732,17201,37.7746,CARD,M,16,水果
732,17201,37.7746,CARD,M,16,蔬菜罐头
732,17201,37.7746,CARD,M,16,白酒
732,17201,37.7746,CARD,M,16,鱼类
733,32646,26.531,CHEQUE,M,40,水果
733,32646,26.531,CHEQUE,M,40,蔬菜罐头
733,32646,26.531,CHEQUE,M,40,冻肉
733,32646,26.531,CHEQUE,M,40,啤酒
733,32646,26.531,CHEQUE,M,40,鱼类
733,32646,26.531,CHEQUE,M,40,糖果
734,15109,13.5356,CARD,M,49,冻肉
735,16055,40.5415,CASH,M,38,鱼类
736,61789,14.3525,CASH,M,37,蔬菜罐头
736,61789,14.3525,CASH,M,37,啤酒
736,61789,14.3525,CASH,M,37,鱼类
737,10236,42.0572,CASH,F,44,冻肉
737,10236,42.0572,CASH,F,44,啤酒
738,39081,47.5807,CHEQUE,M,18,鲜肉
738,39081,47.5807,CHEQUE,M,18,乳制品
738,39081,47.5807,CHEQUE,M,18,蔬菜罐头
738,39081,47.5807,CHEQUE,M,18,肉罐头
738,39081,47.5807,CHEQUE,M,18,冻肉
738,39081,47.5807,CHEQUE,M,18,啤酒
738,39081,47.5807,CHEQUE,M,18,白酒
738,39081,47.5807,CHEQUE,M,18,软饮料
739,60820,32.9802,CASH,F,20,蔬菜罐头
740,55625,44.8626,CARD,F,38,水果
740,55625,44.8626,CARD,F,38,鲜肉
740,55625,44.8626,CARD,F,38,肉罐头
740,55625,44.8626,CARD,F,38,白酒
740,55625,44.8626,CARD,F,38,软饮料
740,55625,44.8626,CARD,F,38,糖果
741,14630,19.5788,CASH,M,31,蔬菜罐头
741,14630,19.5788,CASH,M,31,冻肉
741,14630,19.5788,CASH,M,31,啤酒
742,89106,46.662,CHEQUE,F,32,鲜肉
742,89106,46.662,CHEQUE,F,32,肉罐头
742,89106,46.662,CHEQUE,F,32,白酒
742,89106,46.662,CHEQUE,F,32,糖果
743,52359,26.2052,CHEQUE,F,16,水果
743,52359,26.2052,CHEQUE,F,16,冻肉
743,52359,26.2052,CHEQUE,F,16,白酒
743,52359,26.2052,CHEQUE,F,16,鱼类
744,85472,14.5031,CARD,F,48,乳制品
744,85472,14.5031,CARD,F,48,鱼类
744,85472,14.5031,CARD,F,48,糖果
745,14368,34.9178,CHEQUE,F,31,肉罐头
745,14368,34.9178,CHEQUE,F,31,白酒
745,14368,34.9178,CHEQUE,F,31,糖果
746,31921,34.4264,CHEQUE,M,32,水果
746,31921,34.4264,CHEQUE,M,32,白酒
747,10150,41.1354,CARD,F,36,水果
747,10150,41.1354,CARD,F,36,软饮料
748,59352,49.4212,CASH,F,24,白酒
748,59352,49.4212,CASH,F,24,鱼类
748,59352,49.4212,CASH,F,24,糖果
749,10614,19.0425,CASH,M,25,软饮料
750,58566,37.6643,CASH,M,46,鲜肉
750,58566,37.6643,CASH,M,46,软饮料
751,95655,25.5805,CASH,F,42,蔬菜罐头
751,95655,25.5805,CASH,F,42,冻肉
751,95655,25.5805,CASH,F,42,软饮料
751,95655,25.5805,CASH,F,42,鱼类
752,10451,15.0174,CHEQUE,M,19,蔬菜罐头
752,10451,15.0174,CHEQUE,M,19,冻肉
752,10451,15.0174,CHEQUE,M,19,啤酒
752,10451,15.0174,CHEQUE,M,19,糖果
753,28597,19.2051,CARD,M,18,蔬菜罐头
753,28597,19.2051,CARD,M,18,肉罐头
753,28597,19.2051,CARD,M,18,冻肉
753,28597,19.2051,CARD,M,18,啤酒
754,13903,29.1647,CASH,F,32,水果
754,13903,29.1647,CASH,F,32,鲜肉
754,13903,29.1647,CASH,F,32,乳制品
754,13903,29.1647,CASH,F,32,蔬菜罐头
754,13903,29.1647,CASH,F,32,肉罐头
754,13903,29.1647,CASH,F,32,软饮料
755,69774,25.4476,CASH,M,45,蔬菜罐头
755,69774,25.4476,CASH,M,45,冻肉
755,69774,25.4476,CASH,M,45,啤酒
755,69774,25.4476,CASH,M,45,白酒
755,69774,25.4476,CASH,M,45,软饮料
756,33697,21.979,CASH,M,25,肉罐头
756,33697,21.979,CASH,M,25,白酒
756,33697,21.979,CASH,M,25,糖果
757,101784,33.0381,CASH,M,39,蔬菜罐头
757,101784,33.0381,CASH,M,39,肉罐头
758,60073,11.656,CARD,M,34,白酒
758,60073,11.656,CARD,M,34,鱼类
759,35979,27.747,CARD,M,35,鱼类
760,99046,23.6457,CASH,M,49,啤酒
760,99046,23.6457,CASH,M,49,软饮料
761,40579,49.542,CASH,F,45,白酒
761,40579,49.542,CASH,F,45,糖果
762,48893,28.3283,CHEQUE,F,49,糖果
763,109048,42.5797,CARD,M,49,水果
763,109048,42.5797,CARD,M,49,蔬菜罐头
763,109048,42.5797,CARD,M,49,啤酒
763,109048,42.5797,CARD,M,49,白酒
763,109048,42.5797,CARD,M,49,鱼类
764,25256,39.6933,CARD,M,40,鲜肉
764,25256,39.6933,CARD,M,40,乳制品
764,25256,39.6933,CARD,M,40,冻肉
764,25256,39.6933,CARD,M,40,糖果
765,30504,27.5034,CHEQUE,F,37,鲜肉
765,30504,27.5034,CHEQUE,F,37,鱼类
766,33167,24.2185,CASH,F,21,冻肉
766,33167,24.2185,CASH,F,21,啤酒
767,43228,40.0922,CASH,M,44,水果
768,104011,19.5891,CARD,F,42,白酒
768,104011,19.5891,CARD,F,42,软饮料
769,52451,49.056,CHEQUE,M,47,鲜肉
769,52451,49.056,CHEQUE,M,47,乳制品
769,52451,49.056,CHEQUE,M,47,白酒
770,75274,32.2881,CARD,M,23,水果
770,75274,32.2881,CARD,M,23,蔬菜罐头
770,75274,32.2881,CARD,M,23,软饮料
770,75274,32.2881,CARD,M,23,鱼类
771,19193,22.3496,CARD,M,21,白酒
771,19193,22.3496,CARD,M,21,软饮料
771,19193,22.3496,CARD,M,21,糖果
772,32408,38.5706,CASH,F,32,啤酒
773,96333,27.5586,CARD,M,26,蔬菜罐头
774,99410,41.1357,CASH,F,40,乳制品
775,58343,13.3662,CARD,M,44,乳制品
775,58343,13.3662,CARD,M,44,糖果
776,12938,49.4836,CHEQUE,F,27,蔬菜罐头
776,12938,49.4836,CHEQUE,F,27,冻肉
776,12938,49.4836,CHEQUE,F,27,软饮料
778,20844,24.3927,CASH,F,45,肉罐头
779,84605,17.8494,CHEQUE,F,48,水果
780,83340,27.1358,CASH,F,44,啤酒
780,83340,27.1358,CASH,F,44,白酒
780,83340,27.1358,CASH,F,44,软饮料
781,34605,45.77,CARD,F,49,蔬菜罐头
781,34605,45.77,CARD,F,49,肉罐头
781,34605,45.77,CARD,F,49,白酒
781,34605,45.77,CARD,F,49,软饮料
781,34605,45.77,CARD,F,49,糖果
782,106494,46.5812,CARD,F,44,水果
782,106494,46.5812,CARD,F,44,啤酒
782,106494,46.5812,CARD,F,44,白酒
783,99624,20.9334,CHEQUE,F,36,水果
783,99624,20.9334,CHEQUE,F,36,白酒
783,99624,20.9334,CHEQUE,F,36,软饮料
784,47923,26.039,CARD,M,38,乳制品
784,47923,26.039,CARD,M,38,蔬菜罐头
784,47923,26.039,CARD,M,38,啤酒
784,47923,26.039,CARD,M,38,软饮料
785,71607,23.4978,CASH,F,23,水果
785,71607,23.4978,CASH,F,23,乳制品
785,71607,23.4978,CASH,F,23,鱼类
785,71607,23.4978,CASH,F,23,糖果
786,103485,23.6343,CASH,M,20,啤酒
787,27890,22.2416,CARD,M,26,鲜肉
787,27890,22.2416,CARD,M,26,冻肉
788,81851,13.9837,CARD,F,19,水果
788,81851,13.9837,CARD,F,19,乳制品
788,81851,13.9837,CARD,F,19,鱼类
788,81851,13.9837,CARD,F,19,糖果
789,36364,19.7256,CARD,F,48,肉罐头
789,36364,19.7256,CARD,F,48,鱼类
790,36951,12.9531,CHEQUE,F,32,啤酒
790,36951,12.9531,CHEQUE,F,32,糖果
791,106004,31.9126,CASH,M,27,白酒
791,106004,31.9126,CASH,M,27,软饮料
792,40949,10.117,CASH,M,39,水果
792,40949,10.117,CASH,M,39,乳制品
792,40949,10.117,CASH,M,39,蔬菜罐头
792,40949,10.117,CASH,M,39,肉罐头
792,40949,10.117,CASH,M,39,冻肉
792,40949,10.117,CASH,M,39,啤酒
793,35904,38.0608,CHEQUE,F,20,水果
793,35904,38.0608,CHEQUE,F,20,乳制品
793,35904,38.0608,CHEQUE,F,20,蔬菜罐头
793,35904,38.0608,CHEQUE,F,20,白酒
793,35904,38.0608,CHEQUE,F,20,软饮料
793,35904,38.0608,CHEQUE,F,20,鱼类
793,35904,38.0608,CHEQUE,F,20,糖果
795,80578,30.6867,CARD,F,40,啤酒
795,80578,30.6867,CARD,F,40,糖果
796,109504,32.8441,CARD,M,21,鲜肉
796,109504,32.8441,CARD,M,21,乳制品
796,109504,32.8441,CARD,M,21,糖果
797,28528,40.7113,CHEQUE,F,45,肉罐头
797,28528,40.7113,CHEQUE,F,45,白酒
797,28528,40.7113,CHEQUE,F,45,糖果
799,65088,11.9406,CHEQUE,M,19,水果
799,65088,11.9406,CHEQUE,M,19,鲜肉
799,65088,11.9406,CHEQUE,M,19,鱼类
799,65088,11.9406,CHEQUE,M,19,糖果
800,90147,18.8338,CASH,M,30,乳制品
801,28498,34.2302,CHEQUE,F,38,白酒
802,79890,37.4335,CHEQUE,F,50,乳制品
802,79890,37.4335,CHEQUE,F,50,鱼类
804,91913,42.8928,CASH,M,45,啤酒
804,91913,42.8928,CASH,M,45,软饮料
805,32083,11.4418,CHEQUE,M,42,鲜肉
805,32083,11.4418,CHEQUE,M,42,乳制品
805,32083,11.4418,CHEQUE,M,42,肉罐头
806,100918,18.49,CASH,M,27,蔬菜罐头
806,100918,18.49,CASH,M,27,肉罐头
806,100918,18.49,CASH,M,27,冻肉
806,100918,18.49,CASH,M,27,啤酒
807,89406,13.2185,CASH,F,37,水果
807,89406,13.2185,CASH,F,37,啤酒
808,23037,46.0157,CASH,F,45,水果
808,23037,46.0157,CASH,F,45,蔬菜罐头
808,23037,46.0157,CASH,F,45,软饮料
809,103462,40.3384,CASH,F,26,水果
809,103462,40.3384,CASH,F,26,啤酒
809,103462,40.3384,CASH,F,26,白酒
809,103462,40.3384,CASH,F,26,糖果
810,89559,24.3813,CHEQUE,F,16,水果
810,89559,24.3813,CHEQUE,F,16,鲜肉
810,89559,24.3813,CHEQUE,F,16,肉罐头
810,89559,24.3813,CHEQUE,F,16,鱼类
811,55629,49.6018,CASH,M,27,鱼类
812,72986,25.9767,CARD,F,36,啤酒
813,19209,46.367,CARD,M,21,水果
813,19209,46.367,CARD,M,21,鲜肉
813,19209,46.367,CARD,M,21,蔬菜罐头
813,19209,46.367,CARD,M,21,冻肉
813,19209,46.367,CARD,M,21,啤酒
814,64752,18.8473,CASH,F,38,乳制品
814,64752,18.8473,CASH,F,38,蔬菜罐头
814,64752,18.8473,CASH,F,38,啤酒
815,35519,30.2371,CARD,M,32,冻肉
816,103168,12.2678,CARD,F,22,水果
816,103168,12.2678,CARD,F,22,蔬菜罐头
816,103168,12.2678,CARD,F,22,啤酒
816,103168,12.2678,CARD,F,22,白酒
816,103168,12.2678,CARD,F,22,软饮料
816,103168,12.2678,CARD,F,22,糖果
817,46071,18.1207,CASH,F,32,水果
817,46071,18.1207,CASH,F,32,软饮料
817,46071,18.1207,CASH,F,32,鱼类
818,109132,30.2881,CASH,F,38,鲜肉
818,109132,30.2881,CASH,F,38,软饮料
819,47343,48.9554,CARD,F,41,鲜肉
819,47343,48.9554,CARD,F,41,冻肉
819,47343,48.9554,CARD,F,41,白酒
819,47343,48.9554,CARD,F,41,糖果
820,47441,13.5428,CARD,F,36,鲜肉
820,47441,13.5428,CARD,F,36,冻肉
820,47441,13.5428,CARD,F,36,糖果
821,93891,36.5954,CARD,F,20,水果
821,93891,36.5954,CARD,F,20,鱼类
822,13747,12.3374,CARD,F,38,啤酒
823,89041,25.085,CHEQUE,M,25,蔬菜罐头
823,89041,25.085,CHEQUE,M,25,冻肉
823,89041,25.085,CHEQUE,M,25,啤酒
824,55295,32.6529,CARD,F,47,水果
824,55295,32.6529,CARD,F,47,乳制品
824,55295,32.6529,CARD,F,47,肉罐头
824,55295,32.6529,CARD,F,47,冻肉
825,47489,23.0236,CARD,M,41,白酒
825,47489,23.0236,CARD,M,41,糖果
826,59580,40.8781,CASH,M,50,水果
826,59580,40.8781,CASH,M,50,乳制品
826,59580,40.8781,CASH,M,50,蔬菜罐头
826,59580,40.8781,CASH,M,50,冻肉
826,59580,40.8781,CASH,M,50,啤酒
827,98836,38.6026,CASH,F,29,蔬菜罐头
827,98836,38.6026,CASH,F,29,白酒
827,98836,38.6026,CASH,F,29,鱼类
827,98836,38.6026,CASH,F,29,糖果
828,92227,42.5332,CASH,F,29,水果
828,92227,42.5332,CASH,F,29,蔬菜罐头
828,92227,42.5332,CASH,F,29,白酒
828,92227,42.5332,CASH,F,29,糖果
830,25774,38.771,CASH,F,48,鲜肉
830,25774,38.771,CASH,F,48,蔬菜罐头
830,25774,38.771,CASH,F,48,肉罐头
830,25774,38.771,CASH,F,48,白酒
830,25774,38.771,CASH,F,48,软饮料
830,25774,38.771,CASH,F,48,鱼类
830,25774,38.771,CASH,F,48,糖果
831,101031,47.5206,CARD,M,16,蔬菜罐头
831,101031,47.5206,CARD,M,16,冻肉
831,101031,47.5206,CARD,M,16,啤酒
832,14890,31.8997,CHEQUE,M,29,鲜肉
833,63420,22.7588,CHEQUE,M,21,水果
833,63420,22.7588,CHEQUE,M,21,乳制品
833,63420,22.7588,CHEQUE,M,21,冻肉
833,63420,22.7588,CHEQUE,M,21,鱼类
834,103325,46.2279,CARD,F,49,冻肉
835,72849,20.7743,CARD,M,47,水果
835,72849,20.7743,CARD,M,47,肉罐头
835,72849,20.7743,CARD,M,47,啤酒
836,10987,37.7075,CASH,F,21,水果
836,10987,37.7075,CASH,F,21,乳制品
836,10987,37.7075,CASH,F,21,白酒
836,10987,37.7075,CASH,F,21,糖果
837,31083,45.6146,CASH,F,26,水果
837,31083,45.6146,CASH,F,26,鲜肉
837,31083,45.6146,CASH,F,26,蔬菜罐头
837,31083,45.6146,CASH,F,26,白酒
837,31083,45.6146,CASH,F,26,软饮料
837,31083,45.6146,CASH,F,26,鱼类
837,31083,45.6146,CASH,F,26,糖果
838,50258,43.0885,CASH,F,25,鲜肉
839,70206,15.322,CHEQUE,M,33,水果
839,70206,15.322,CHEQUE,M,33,蔬菜罐头
840,19519,12.4083,CARD,M,31,乳制品
840,19519,12.4083,CARD,M,31,冻肉
840,19519,12.4083,CARD,M,31,啤酒
840,19519,12.4083,CARD,M,31,糖果
841,14658,46.8048,CARD,F,36,肉罐头
841,14658,46.8048,CARD,F,36,白酒
841,14658,46.8048,CARD,F,36,鱼类
841,14658,46.8048,CARD,F,36,糖果
842,85860,30.4116,CASH,F,17,鲜肉
842,85860,30.4116,CASH,F,17,乳制品
842,85860,30.4116,CASH,F,17,肉罐头
842,85860,30.4116,CASH,F,17,糖果
843,50087,40.9255,CARD,F,45,白酒
844,96078,10.4612,CASH,M,37,水果
844,96078,10.4612,CASH,M,37,蔬菜罐头
844,96078,10.4612,CASH,M,37,冻肉
844,96078,10.4612,CASH,M,37,啤酒
844,96078,10.4612,CASH,M,37,糖果
845,82096,44.5391,CASH,M,23,水果
845,82096,44.5391,CASH,M,23,蔬菜罐头
845,82096,44.5391,CASH,M,23,冻肉
845,82096,44.5391,CASH,M,23,啤酒
845,82096,44.5391,CASH,M,23,鱼类
845,82096,44.5391,CASH,M,23,糖果
846,41996,28.3472,CARD,F,48,乳制品
846,41996,28.3472,CARD,F,48,糖果
847,57207,39.1627,CHEQUE,M,48,乳制品
847,57207,39.1627,CHEQUE,M,48,白酒
847,57207,39.1627,CHEQUE,M,48,糖果
848,105816,22.6473,CARD,F,37,水果
848,105816,22.6473,CARD,F,37,乳制品
848,105816,22.6473,CARD,F,37,蔬菜罐头
849,94231,27.2609,CASH,M,28,肉罐头
849,94231,27.2609,CASH,M,28,冻肉
849,94231,27.2609,CASH,M,28,糖果
850,80869,10.0454,CARD,F,29,肉罐头
850,80869,10.0454,CARD,F,29,白酒
851,51939,43.2419,CARD,M,47,蔬菜罐头
851,51939,43.2419,CARD,M,47,冻肉
851,51939,43.2419,CARD,M,47,啤酒
851,51939,43.2419,CARD,M,47,白酒
852,89484,40.6552,CARD,M,47,蔬菜罐头
852,89484,40.6552,CARD,M,47,啤酒
853,99292,39.899,CARD,F,23,水果
853,99292,39.899,CARD,F,23,鲜肉
853,99292,39.899,CARD,F,23,软饮料
853,99292,39.899,CARD,F,23,鱼类
854,77232,28.7941,CHEQUE,M,22,水果
854,77232,28.7941,CHEQUE,M,22,乳制品
854,77232,28.7941,CHEQUE,M,22,鱼类
855,79535,37.048,CARD,F,50,肉罐头
856,10944,45.3278,CARD,M,46,鲜肉
856,10944,45.3278,CARD,M,46,乳制品
856,10944,45.3278,CARD,M,46,蔬菜罐头
856,10944,45.3278,CARD,M,46,冻肉
856,10944,45.3278,CARD,M,46,啤酒
857,42524,14.2989,CHEQUE,F,22,水果
857,42524,14.2989,CHEQUE,F,22,鲜肉
857,42524,14.2989,CHEQUE,F,22,乳制品
857,42524,14.2989,CHEQUE,F,22,软饮料
857,42524,14.2989,CHEQUE,F,22,鱼类
858,90360,15.1372,CASH,F,47,肉罐头
858,90360,15.1372,CASH,F,47,冻肉
858,90360,15.1372,CASH,F,47,啤酒
860,40090,41.4851,CHEQUE,F,25,蔬菜罐头
860,40090,41.4851,CHEQUE,F,25,冻肉
861,83003,49.2498,CHEQUE,F,47,软饮料
862,12694,15.8634,CASH,F,40,水果
862,12694,15.8634,CASH,F,40,糖果
863,79632,12.5362,CARD,M,43,蔬菜罐头
863,79632,12.5362,CARD,M,43,冻肉
863,79632,12.5362,CARD,M,43,啤酒
864,95354,35.3973,CHEQUE,M,35,鲜肉
864,95354,35.3973,CHEQUE,M,35,蔬菜罐头
864,95354,35.3973,CHEQUE,M,35,肉罐头
864,95354,35.3973,CHEQUE,M,35,冻肉
864,95354,35.3973,CHEQUE,M,35,啤酒
864,95354,35.3973,CHEQUE,M,35,软饮料
864,95354,35.3973,CHEQUE,M,35,鱼类
865,108596,39.33,CARD,M,44,肉罐头
865,108596,39.33,CARD,M,44,啤酒
866,44594,46.6746,CASH,F,50,白酒
866,44594,46.6746,CASH,F,50,糖果
867,24534,37.7386,CARD,F,22,水果
867,24534,37.7386,CARD,F,22,软饮料
867,24534,37.7386,CARD,F,22,糖果
868,27462,39.7479,CASH,F,39,啤酒
868,27462,39.7479,CASH,F,39,软饮料
869,108153,20.5804,CASH,F,32,软饮料
869,108153,20.5804,CASH,F,32,糖果
870,93974,46.5105,CASH,M,33,鲜肉
870,93974,46.5105,CASH,M,33,蔬菜罐头
870,93974,46.5105,CASH,M,33,软饮料
871,39042,49.8321,CASH,F,46,肉罐头
871,39042,49.8321,CASH,F,46,白酒
871,39042,49.8321,CASH,F,46,糖果
872,108718,15.6206,CASH,M,18,啤酒
872,108718,15.6206,CASH,M,18,鱼类
873,59071,28.0768,CHEQUE,F,35,肉罐头
873,59071,28.0768,CHEQUE,F,35,啤酒
873,59071,28.0768,CHEQUE,F,35,鱼类
874,72299,24.0273,CHEQUE,F,24,水果
874,72299,24.0273,CHEQUE,F,24,啤酒
874,72299,24.0273,CHEQUE,F,24,软饮料
874,72299,24.0273,CHEQUE,F,24,鱼类
876,52011,39.1196,CASH,F,25,啤酒
877,81745,15.9576,CARD,F,49,乳制品
877,81745,15.9576,CARD,F,49,软饮料
878,70428,23.6085,CARD,F,42,乳制品
878,70428,23.6085,CARD,F,42,蔬菜罐头
878,70428,23.6085,CARD,F,42,啤酒
878,70428,23.6085,CARD,F,42,白酒
878,70428,23.6085,CARD,F,42,软饮料
879,85182,11.92,CARD,M,22,水果
879,85182,11.92,CARD,M,22,鲜肉
879,85182,11.92,CARD,M,22,软饮料
879,85182,11.92,CARD,M,22,鱼类
880,62175,17.9183,CASH,M,16,水果
880,62175,17.9183,CASH,M,16,鲜肉
880,62175,17.9183,CASH,M,16,蔬菜罐头
880,62175,17.9183,CASH,M,16,肉罐头
880,62175,17.9183,CASH,M,16,冻肉
880,62175,17.9183,CASH,M,16,啤酒
880,62175,17.9183,CASH,M,16,鱼类
881,39715,28.2126,CASH,M,17,水果
882,97328,24.0255,CASH,F,24,乳制品
882,97328,24.0255,CASH,F,24,蔬菜罐头
883,50064,47.0822,CARD,M,20,水果
883,50064,47.0822,CARD,M,20,乳制品
883,50064,47.0822,CARD,M,20,蔬菜罐头
883,50064,47.0822,CARD,M,20,冻肉
883,50064,47.0822,CARD,M,20,啤酒
883,50064,47.0822,CARD,M,20,鱼类
884,72200,12.4526,CASH,F,48,水果
884,72200,12.4526,CASH,F,48,乳制品
884,72200,12.4526,CASH,F,48,鱼类
885,14301,39.9171,CASH,M,33,鲜肉
885,14301,39.9171,CASH,M,33,乳制品
885,14301,39.9171,CASH,M,33,蔬菜罐头
885,14301,39.9171,CASH,M,33,冻肉
885,14301,39.9171,CASH,M,33,啤酒
885,14301,39.9171,CASH,M,33,鱼类
885,14301,39.9171,CASH,M,33,糖果
887,50647,38.5632,CARD,M,25,蔬菜罐头
888,95443,47.9239,CARD,M,42,水果
888,95443,47.9239,CARD,M,42,白酒
889,65225,43.856,CHEQUE,F,48,乳制品
890,67809,10.3765,CHEQUE,F,39,冻肉
890,67809,10.3765,CHEQUE,F,39,软饮料
891,74314,38.7031,CARD,F,31,水果
891,74314,38.7031,CARD,F,31,肉罐头
891,74314,38.7031,CARD,F,31,冻肉
892,57102,19.9099,CASH,M,30,蔬菜罐头
892,57102,19.9099,CASH,M,30,冻肉
892,57102,19.9099,CASH,M,30,啤酒
892,57102,19.9099,CASH,M,30,鱼类
893,61011,18.1253,CASH,M,21,啤酒
893,61011,18.1253,CASH,M,21,糖果
894,52421,31.7355,CARD,M,16,水果
894,52421,31.7355,CARD,M,16,蔬菜罐头
894,52421,31.7355,CARD,M,16,肉罐头
894,52421,31.7355,CARD,M,16,冻肉
894,52421,31.7355,CARD,M,16,啤酒
894,52421,31.7355,CARD,M,16,白酒
894,52421,31.7355,CARD,M,16,软饮料
894,52421,31.7355,CARD,M,16,鱼类
895,17064,15.3259,CHEQUE,F,45,啤酒
896,28061,37.2245,CARD,F,43,鲜肉
896,28061,37.2245,CARD,F,43,蔬菜罐头
896,28061,37.2245,CARD,F,43,白酒
896,28061,37.2245,CARD,F,43,糖果
897,12291,41.9518,CASH,M,40,白酒
897,12291,41.9518,CASH,M,40,糖果
898,105095,48.0785,CASH,F,50,鲜肉
898,105095,48.0785,CASH,F,50,软饮料
899,89958,34.4239,CASH,F,27,乳制品
899,89958,34.4239,CASH,F,27,肉罐头
899,89958,34.4239,CASH,F,27,冻肉
899,89958,34.4239,CASH,F,27,鱼类
899,89958,34.4239,CASH,F,27,糖果
900,32432,28.3847,CHEQUE,M,34,鲜肉
900,32432,28.3847,CHEQUE,M,34,冻肉
900,32432,28.3847,CHEQUE,M,34,糖果
901,70063,28.3932,CHEQUE,M,35,白酒
902,42037,49.7612,CASH,M,25,肉罐头
904,109672,16.5297,CARD,M,20,蔬菜罐头
904,109672,16.5297,CARD,M,20,冻肉
904,109672,16.5297,CARD,M,20,啤酒
904,109672,16.5297,CARD,M,20,白酒
905,33891,12.0017,CARD,F,47,鲜肉
905,33891,12.0017,CARD,F,47,鱼类
906,44775,23.5745,CHEQUE,F,44,水果
906,44775,23.5745,CHEQUE,F,44,啤酒
906,44775,23.5745,CHEQUE,F,44,白酒
906,44775,23.5745,CHEQUE,F,44,鱼类
907,57101,20.7588,CARD,M,49,水果
907,57101,20.7588,CARD,M,49,冻肉
908,13564,31.583,CHEQUE,F,19,乳制品
909,28427,12.9735,CHEQUE,M,32,蔬菜罐头
909,28427,12.9735,CHEQUE,M,32,冻肉
909,28427,12.9735,CHEQUE,M,32,啤酒
909,28427,12.9735,CHEQUE,M,32,糖果
910,24864,24.6676,CASH,F,38,水果
910,24864,24.6676,CASH,F,38,蔬菜罐头
910,24864,24.6676,CASH,F,38,冻肉
911,61159,47.2278,CARD,M,21,水果
911,61159,47.2278,CARD,M,21,鲜肉
911,61159,47.2278,CARD,M,21,肉罐头
911,61159,47.2278,CARD,M,21,软饮料
911,61159,47.2278,CARD,M,21,鱼类
912,10645,18.4803,CARD,M,20,水果
912,10645,18.4803,CARD,M,20,鲜肉
912,10645,18.4803,CARD,M,20,蔬菜罐头
912,10645,18.4803,CARD,M,20,冻肉
912,10645,18.4803,CARD,M,20,啤酒
913,96076,24.4413,CASH,F,36,蔬菜罐头
913,96076,24.4413,CASH,F,36,鱼类
913,96076,24.4413,CASH,F,36,糖果
915,61342,26.5892,CASH,F,41,蔬菜罐头
915,61342,26.5892,CASH,F,41,肉罐头
915,61342,26.5892,CASH,F,41,啤酒
916,94754,45.0857,CASH,F,41,蔬菜罐头
916,94754,45.0857,CASH,F,41,肉罐头
916,94754,45.0857,CASH,F,41,白酒
916,94754,45.0857,CASH,F,41,软饮料
916,94754,45.0857,CASH,F,41,鱼类
916,94754,45.0857,CASH,F,41,糖果
917,37917,22.9288,CASH,F,26,水果
917,37917,22.9288,CASH,F,26,鲜肉
917,37917,22.9288,CASH,F,26,白酒
918,18517,42.5094,CARD,M,38,水果
918,18517,42.5094,CARD,M,38,鲜肉
918,18517,42.5094,CARD,M,38,蔬菜罐头
918,18517,42.5094,CARD,M,38,冻肉
918,18517,42.5094,CARD,M,38,啤酒
919,14107,12.9508,CARD,F,33,鲜肉
919,14107,12.9508,CARD,F,33,鱼类
920,91117,33.6103,CARD,M,21,水果
920,91117,33.6103,CARD,M,21,鱼类
921,28268,10.8787,CASH,M,26,乳制品
921,28268,10.8787,CASH,M,26,鱼类
922,76944,47.6155,CASH,F,34,啤酒
922,76944,47.6155,CASH,F,34,白酒
922,76944,47.6155,CASH,F,34,糖果
923,58485,35.5474,CHEQUE,M,27,水果
923,58485,35.5474,CHEQUE,M,27,冻肉
923,58485,35.5474,CHEQUE,M,27,糖果
924,82801,42.5439,CARD,M,28,蔬菜罐头
924,82801,42.5439,CARD,M,28,冻肉
924,82801,42.5439,CARD,M,28,白酒
925,54314,31.2939,CASH,F,44,鲜肉
926,106122,32.3362,CASH,M,22,乳制品
926,106122,32.3362,CASH,M,22,白酒
927,105188,44.3619,CASH,M,39,软饮料
928,73708,43.3068,CHEQUE,F,36,水果
928,73708,43.3068,CHEQUE,F,36,蔬菜罐头
928,73708,43.3068,CHEQUE,F,36,白酒
928,73708,43.3068,CHEQUE,F,36,软饮料
928,73708,43.3068,CHEQUE,F,36,鱼类
928,73708,43.3068,CHEQUE,F,36,糖果
929,72900,14.4639,CARD,M,17,水果
929,72900,14.4639,CARD,M,17,乳制品
929,72900,14.4639,CARD,M,17,鱼类
930,29343,11.0385,CHEQUE,F,46,水果
930,29343,11.0385,CHEQUE,F,46,鲜肉
930,29343,11.0385,CHEQUE,F,46,白酒
930,29343,11.0385,CHEQUE,F,46,糖果
931,109884,35.8216,CARD,F,18,水果
931,109884,35.8216,CARD,F,18,肉罐头
931,109884,35.8216,CARD,F,18,冻肉
931,109884,35.8216,CARD,F,18,软饮料
931,109884,35.8216,CARD,F,18,鱼类
931,109884,35.8216,CARD,F,18,糖果
932,32160,19.7177,CASH,F,33,冻肉
932,32160,19.7177,CASH,F,33,啤酒
932,32160,19.7177,CASH,F,33,糖果
933,59297,49.3566,CHEQUE,F,28,蔬菜罐头
933,59297,49.3566,CHEQUE,F,28,肉罐头
933,59297,49.3566,CHEQUE,F,28,啤酒
933,59297,49.3566,CHEQUE,F,28,白酒
933,59297,49.3566,CHEQUE,F,28,糖果
934,101544,38.5665,CARD,M,47,水果
934,101544,38.5665,CARD,M,47,肉罐头
934,101544,38.5665,CARD,M,47,冻肉
935,94004,43.8679,CARD,M,37,肉罐头
935,94004,43.8679,CARD,M,37,冻肉
935,94004,43.8679,CARD,M,37,啤酒
936,91074,46.5642,CARD,F,19,蔬菜罐头
936,91074,46.5642,CARD,F,19,冻肉
937,78302,32.6841,CARD,M,33,水果
937,78302,32.6841,CARD,M,33,蔬菜罐头
938,65006,10.546,CASH,F,24,水果
938,65006,10.546,CASH,F,24,软饮料
938,65006,10.546,CASH,F,24,鱼类
939,27496,16.3272,CARD,F,48,冻肉
939,27496,16.3272,CARD,F,48,啤酒
939,27496,16.3272,CARD,F,48,糖果
940,27306,17.3906,CHEQUE,F,42,水果
940,27306,17.3906,CHEQUE,F,42,蔬菜罐头
940,27306,17.3906,CHEQUE,F,42,冻肉
940,27306,17.3906,CHEQUE,F,42,啤酒
940,27306,17.3906,CHEQUE,F,42,软饮料
940,27306,17.3906,CHEQUE,F,42,糖果
941,108855,32.8419,CARD,F,30,肉罐头
941,108855,32.8419,CARD,F,30,白酒
941,108855,32.8419,CARD,F,30,软饮料
941,108855,32.8419,CARD,F,30,鱼类
941,108855,32.8419,CARD,F,30,糖果
942,30423,44.942,CHEQUE,F,45,软饮料
942,30423,44.942,CHEQUE,F,45,糖果
943,14015,31.8657,CASH,M,38,蔬菜罐头
943,14015,31.8657,CASH,M,38,糖果
944,19211,35.9545,CARD,M,28,蔬菜罐头
944,19211,35.9545,CARD,M,28,冻肉
944,19211,35.9545,CARD,M,28,啤酒
944,19211,35.9545,CARD,M,28,糖果
945,18917,47.9346,CARD,M,47,鲜肉
945,18917,47.9346,CARD,M,47,乳制品
945,18917,47.9346,CARD,M,47,蔬菜罐头
945,18917,47.9346,CARD,M,47,冻肉
945,18917,47.9346,CARD,M,47,啤酒
945,18917,47.9346,CARD,M,47,糖果
946,68104,12.329,CHEQUE,F,45,蔬菜罐头
946,68104,12.329,CHEQUE,F,45,冻肉
946,68104,12.329,CHEQUE,F,45,啤酒
946,68104,12.329,CHEQUE,F,45,鱼类
947,109425,23.2353,CARD,F,20,肉罐头
947,109425,23.2353,CARD,F,20,白酒
948,55550,31.475,CASH,M,28,水果
948,55550,31.475,CASH,M,28,冻肉
948,55550,31.475,CASH,M,28,白酒
949,14514,31.6016,CARD,F,45,肉罐头
949,14514,31.6016,CARD,F,45,软饮料
950,103087,38.578,CASH,M,35,鲜肉
950,103087,38.578,CASH,M,35,蔬菜罐头
950,103087,38.578,CASH,M,35,冻肉
950,103087,38.578,CASH,M,35,啤酒
950,103087,38.578,CASH,M,35,白酒
951,56885,33.5694,CHEQUE,M,27,鲜肉
951,56885,33.5694,CHEQUE,M,27,蔬菜罐头
951,56885,33.5694,CHEQUE,M,27,肉罐头
951,56885,33.5694,CHEQUE,M,27,冻肉
951,56885,33.5694,CHEQUE,M,27,啤酒
951,56885,33.5694,CHEQUE,M,27,软饮料
951,56885,33.5694,CHEQUE,M,27,糖果
953,69372,11.5395,CARD,F,35,鲜肉
953,69372,11.5395,CARD,F,35,糖果
954,105429,15.294,CASH,M,43,水果
954,105429,15.294,CASH,M,43,鲜肉
954,105429,15.294,CASH,M,43,冻肉
955,15317,43.8941,CARD,M,40,乳制品
956,68156,18.1151,CHEQUE,F,40,啤酒
956,68156,18.1151,CHEQUE,F,40,软饮料
957,104971,35.7501,CHEQUE,F,24,白酒
957,104971,35.7501,CHEQUE,F,24,软饮料
957,104971,35.7501,CHEQUE,F,24,糖果
958,78626,33.0971,CASH,M,47,鲜肉
958,78626,33.0971,CASH,M,47,冻肉
959,60153,47.156,CARD,M,31,鲜肉
959,60153,47.156,CARD,M,31,肉罐头
959,60153,47.156,CARD,M,31,啤酒
959,60153,47.156,CARD,M,31,白酒
960,80728,21.2648,CASH,F,28,鲜肉
960,80728,21.2648,CASH,F,28,蔬菜罐头
960,80728,21.2648,CASH,F,28,肉罐头
960,80728,21.2648,CASH,F,28,冻肉
960,80728,21.2648,CASH,F,28,糖果
961,100553,24.1456,CARD,M,34,水果
961,100553,24.1456,CARD,M,34,蔬菜罐头
961,100553,24.1456,CARD,M,34,白酒
961,100553,24.1456,CARD,M,34,软饮料
962,43962,11.6764,CHEQUE,M,49,鱼类
963,78357,28.8482,CARD,F,40,乳制品
963,78357,28.8482,CARD,F,40,冻肉
964,82796,18.5934,CARD,F,17,肉罐头
965,40459,37.9935,CARD,F,47,乳制品
965,40459,37.9935,CARD,F,47,白酒
965,40459,37.9935,CARD,F,47,糖果
966,106499,26.9588,CASH,M,31,蔬菜罐头
966,106499,26.9588,CASH,M,31,冻肉
966,106499,26.9588,CASH,M,31,啤酒
967,109224,20.0952,CHEQUE,M,18,水果
967,109224,20.0952,CHEQUE,M,18,啤酒
967,109224,20.0952,CHEQUE,M,18,鱼类
968,32182,13.3271,CASH,F,29,啤酒
969,100393,28.7753,CASH,M,22,水果
969,100393,28.7753,CASH,M,22,蔬菜罐头
969,100393,28.7753,CASH,M,22,鱼类
969,100393,28.7753,CASH,M,22,糖果
970,26061,47.0537,CASH,M,22,水果
970,26061,47.0537,CASH,M,22,鲜肉
970,26061,47.0537,CASH,M,22,蔬菜罐头
970,26061,47.0537,CASH,M,22,肉罐头
970,26061,47.0537,CASH,M,22,冻肉
970,26061,47.0537,CASH,M,22,啤酒
970,26061,47.0537,CASH,M,22,鱼类
971,47330,20.9348,CASH,F,21,水果
971,47330,20.9348,CASH,F,21,冻肉
971,47330,20.9348,CASH,F,21,白酒
971,47330,20.9348,CASH,F,21,糖果
972,94864,43.4745,CHEQUE,F,47,白酒
973,28959,21.5852,CASH,M,38,冻肉
974,54462,38.8386,CASH,M,31,乳制品
974,54462,38.8386,CASH,M,31,蔬菜罐头
974,54462,38.8386,CASH,M,31,冻肉
974,54462,38.8386,CASH,M,31,啤酒
974,54462,38.8386,CASH,M,31,白酒
975,63880,16.7477,CASH,F,23,水果
975,63880,16.7477,CASH,F,23,肉罐头
975,63880,16.7477,CASH,F,23,鱼类
976,104630,49.6887,CARD,F,19,水果
976,104630,49.6887,CARD,F,19,白酒
976,104630,49.6887,CARD,F,19,糖果
977,11565,44.9745,CASH,F,19,鲜肉
977,11565,44.9745,CASH,F,19,乳制品
977,11565,44.9745,CASH,F,19,蔬菜罐头
977,11565,44.9745,CASH,F,19,白酒
977,11565,44.9745,CASH,F,19,鱼类
978,93527,33.361,CASH,M,38,啤酒
978,93527,33.361,CASH,M,38,白酒
979,88812,28.8761,CARD,F,34,啤酒
980,61107,30.314,CARD,F,30,水果
980,61107,30.314,CARD,F,30,乳制品
981,104722,33.6677,CARD,M,38,蔬菜罐头
981,104722,33.6677,CARD,M,38,冻肉
981,104722,33.6677,CARD,M,38,啤酒
982,10915,12.4624,CARD,F,22,水果
982,10915,12.4624,CARD,F,22,乳制品
982,10915,12.4624,CARD,F,22,肉罐头
982,10915,12.4624,CARD,F,22,冻肉
982,10915,12.4624,CARD,F,22,鱼类
984,78967,36.166,CHEQUE,M,25,蔬菜罐头
984,78967,36.166,CHEQUE,M,25,冻肉
984,78967,36.166,CHEQUE,M,25,啤酒
985,81825,25.0713,CARD,F,21,水果
985,81825,25.0713,CARD,F,21,乳制品
985,81825,25.0713,CARD,F,21,鱼类
986,51846,37.0748,CARD,F,21,水果
986,51846,37.0748,CARD,F,21,鱼类
988,30459,32.6755,CHEQUE,F,29,蔬菜罐头
988,30459,32.6755,CHEQUE,F,29,白酒
988,30459,32.6755,CHEQUE,F,29,鱼类
988,30459,32.6755,CHEQUE,F,29,糖果
989,70018,42.7998,CHEQUE,F,39,水果
989,70018,42.7998,CHEQUE,F,39,乳制品
989,70018,42.7998,CHEQUE,F,39,冻肉
989,70018,42.7998,CHEQUE,F,39,啤酒
989,70018,42.7998,CHEQUE,F,39,白酒
989,70018,42.7998,CHEQUE,F,39,鱼类
989,70018,42.7998,CHEQUE,F,39,糖果
990,62789,15.1609,CASH,M,25,水果
990,62789,15.1609,CASH,M,25,蔬菜罐头
990,62789,15.1609,CASH,M,25,冻肉
990,62789,15.1609,CASH,M,25,啤酒
991,102887,33.3158,CHEQUE,M,46,水果
991,102887,33.3158,CHEQUE,M,46,冻肉
992,83102,48.0077,CASH,M,47,蔬菜罐头
992,83102,48.0077,CASH,M,47,冻肉
992,83102,48.0077,CASH,M,47,啤酒
992,83102,48.0077,CASH,M,47,鱼类
993,57268,25.0267,CASH,M,25,水果
993,57268,25.0267,CASH,M,25,鲜肉
993,57268,25.0267,CASH,M,25,软饮料
994,78139,48.5578,CASH,M,29,水果
994,78139,48.5578,CASH,M,29,蔬菜罐头
994,78139,48.5578,CASH,M,29,肉罐头
995,86331,45.4521,CARD,M,29,蔬菜罐头
995,86331,45.4521,CARD,M,29,冻肉
995,86331,45.4521,CARD,M,29,啤酒
995,86331,45.4521,CARD,M,29,鱼类
995,86331,45.4521,CARD,M,29,糖果
996,31384,37.2056,CARD,M,27,蔬菜罐头
997,63996,13.7353,CHEQUE,F,23,蔬菜罐头
997,63996,13.7353,CHEQUE,F,23,鱼类
998,99025,29.0798,CARD,M,42,鲜肉
999,95921,34.8576,CASH,F,43,水果
999,95921,34.8576,CASH,F,43,白酒
999,95921,34.8576,CASH,F,43,糖果
1000,99164,30.6965,CASH,M,26,乳制品
1000,99164,30.6965,CASH,M,26,软饮料
1000,99164,30.6965,CASH,M,26,糖果
